seconds,x,y,z,rpm,speed,gear,throttle,brake,drs,status,compound
0.0,-1298.201483701088,-417.4265191631692,1302.4290611467445,11605.2125072,216.874992,5,100.0,False,0,OnTrack,HARD
0.292,-1195.689444292386,-496.1846218272626,1303.273307447221,11597.0,226.0,5,100.0,False,0,OnTrack,HARD
0.403,-1145.0,-535.0,1303.0,11227.2318896,226.6937488,5,100.0,False,0,OnTrack,HARD
0.603,-1043.0,-613.0,1302.0,10560.9818896,227.9437488,5,100.0,False,0,OnTrack,HARD
0.612,-1038.7227209695002,-616.2708007703013,1301.9756204143841,10531.0,228.0,6,100.0,False,0,OnTrack,HARD
0.823,-928.0,-701.0,1302.0,10942.4496256,238.5499904,6,100.0,False,0,OnTrack,HARD
0.852,-903.6605888343995,-719.640141643507,1302.0101236732685,10999.0,240.0,6,100.0,False,0,OnTrack,HARD
1.003,-757.0,-832.0,1302.0,11141.9779432,242.8312464,6,100.0,False,0,OnTrack,HARD
1.172,-664.7860937495406,-902.7583862585439,1301.9950168588941,11302.0,246.0,6,100.0,False,0,OnTrack,HARD
1.372,-620.5072599628952,-936.8845982370946,1302.0029644811648,11474.0,250.0,6,100.0,False,0,OnTrack,HARD
1.442,-593.0,-958.0,1302.0,11498.9374544,250.8749984,6,100.0,False,0,OnTrack,HARD
1.532,-546.8987511845695,-993.3472779110818,1301.9912960536944,11531.0,252.0,6,100.0,False,0,OnTrack,HARD
1.642,-482.0,-1043.0,1302.0,11607.5415776,254.291664,6,100.0,False,0,OnTrack,HARD
1.772,-406.6770395427444,-1100.379509922269,1302.0685888966473,11698.0,257.0,6,100.0,False,0,OnTrack,HARD
1.842,-369.0,-1129.0,1302.0,11453.000448,257.8749984,6,100.0,False,0,OnTrack,HARD
1.932,-324.7505175219807,-1162.5469025473446,1301.7246991572515,11138.0,259.0,6,100.0,False,0,OnTrack,HARD
2.002,-277.0,-1199.0,1302.0,10706.6257888,260.3124976,6,100.0,False,0,OnTrack,HARD
2.092,-181.55360912516397,-1272.3239229938251,1303.6300923598485,10152.0,262.0,7,100.0,False,0,OnTrack,HARD
2.162,-104.0,-1332.0,1305.0,10275.666440533334,263.16666453333335,7,100.0,False,0,OnTrack,HARD
2.452,78.2851024599281,-1472.3410568736167,1305.13898890348,10788.0,268.0,7,100.0,False,0,OnTrack,HARD
2.622,143.0,-1522.0,1304.0,10776.10000896,269.69999872,7,100.0,False,0,OnTrack,HARD
2.652,154.50147990784183,-1530.7990147516093,1303.861856096939,10774.0,270.0,7,100.0,False,0,OnTrack,HARD
2.812,216.42279337625945,-1578.0410074652493,1303.4361028675369,10872.0,272.0,7,100.0,False,0,OnTrack,HARD
2.962,287.0,-1632.0,1303.0,10937.624944,273.4062488,7,100.0,False,0,OnTrack,HARD
3.132,388.93591008919736,-1710.2146959669012,1302.1522967283122,11012.0,275.0,7,100.0,False,0,OnTrack,HARD
3.182,420.0,-1734.0,1302.0,11032.6249472,275.6249984,7,100.0,False,0,OnTrack,HARD
3.362,530.0,-1818.0,1302.0,11106.8749472,277.8749984,7,100.0,False,0,OnTrack,HARD
3.452,585.4302845525,-1860.49450370046,1302.0289507446819,11144.0,279.0,7,100.0,False,0,OnTrack,HARD
3.652,708.8712824377548,-1955.2045656044222,1302.0068973002085,11259.0,281.0,7,100.0,False,0,OnTrack,HARD
3.682,727.0,-1969.0,1302.0,11264.9999744,281.44999808,7,100.0,False,0,OnTrack,HARD
3.822,814.0,-2035.0,1302.0,11292.9999744,283.54999808,7,100.0,False,0,OnTrack,HARD
3.852,835.6001704115595,-2051.5166540921286,1302.031685282606,11299.0,284.0,7,100.0,False,0,OnTrack,HARD
4.012,969.4985371849563,-2154.7242444402655,1302.4949667778244,11377.0,284.0,7,100.0,False,0,OnTrack,HARD
4.082,1027.0,-2199.0,1303.0,11405.140679211108,284.7035169802777,7,100.0,False,0,OnTrack,HARD
4.211,1123.4446336982066,-2272.88252662329,1304.5168683430893,11457.0,286.0,7,100.0,False,0,OnTrack,HARD
4.483,1280.0,-2392.0,1309.0,11541.072727272727,288.4727272727273,7,100.0,False,0,OnTrack,HARD
4.651,1341.3355156416992,-2438.9472608804626,1311.4676059778496,11593.0,290.0,7,100.0,False,0,OnTrack,HARD
4.743,1395.0,-2480.0,1314.0,11605.358197150379,290.4577110055696,7,100.0,False,0,OnTrack,HARD
4.852,1495.8830107796975,-2557.056092912912,1318.8638135374617,11620.0,291.0,7,100.0,False,0,OnTrack,HARD
5.043,1695.0,-2709.0,1329.0,11662.3780824,292.1937488,7,100.0,False,0,OnTrack,HARD
5.172,1765.5614747540171,-2762.7470314181846,1333.5399985987406,11691.0,293.0,7,100.0,False,0,OnTrack,HARD
5.383,1838.0,-2818.0,1340.0,11711.346410057144,293.75357074285716,7,100.0,False,0,OnTrack,HARD
5.452,1878.5177157795047,-2849.063499332017,1343.1174610468302,11718.0,294.0,7,100.0,False,0,OnTrack,HARD
5.563,1954.0,-2907.0,1349.0,11730.4874784,293.5375008,7,100.0,False,0,OnTrack,HARD
5.692,2038.7480814788028,-2972.0894033311624,1356.6566701878583,11745.0,293.0,7,100.0,False,0,OnTrack,HARD
5.903,2174.0,-3077.0,1371.0,11745.0,294.7583317333333,7,100.0,False,0,OnTrack,HARD
5.932,2192.9123010342964,-3091.8946364670437,1373.141654064917,11745.0,295.0,7,100.0,False,0,OnTrack,HARD
6.132,2332.2009309626687,-3202.1183118707,1389.887617895551,11724.0,294.0,7,100.0,False,0,OnTrack,HARD
6.143,2341.0,-3209.0,1391.0,11723.48929462857,293.96071497142856,7,100.0,False,0,OnTrack,HARD
6.412,2589.1276232566456,-3399.9773162712904,1423.7893627086587,11711.0,293.0,7,100.0,False,0,OnTrack,HARD
6.523,2664.0,-3457.0,1434.0,11701.6343912,293.0,7,100.0,False,0,OnTrack,HARD
6.732,2727.4331811437837,-3504.7581626441547,1443.1000106728761,11684.0,293.0,7,100.0,False,0,OnTrack,HARD
6.803,2755.0,-3526.0,1447.0,11394.6757824,290.3375072,7,55.625119999999995,False,0,OnTrack,HARD
6.892,2805.608557030074,-3565.4062853977116,1454.0104486699333,11032.0,287.0,7,0.0,True,0,OnTrack,HARD
7.023,2890.0,-3633.0,1466.0,10975.389368685714,271.0928804571429,7,0.0,True,0,OnTrack,HARD
7.172,2956.457552006587,-3692.1088023430443,1476.957923342211,10911.0,253.0,7,0.0,True,0,OnTrack,HARD
7.283,3002.0,-3733.0,1485.0,10604.08553088,236.3500288,7,0.0,True,0,OnTrack,HARD
7.372,3044.362805925425,-3768.510380399778,1492.2494356445593,10358.0,223.0,7,0.0,True,0,OnTrack,HARD
7.483,3099.0,-3813.0,1502.0,10358.0,208.72859611428572,7,0.0,True,0,OnTrack,HARD
7.652,3172.325760255941,-3873.166579988398,1517.1771174564701,10358.0,187.0,7,0.0,True,0,OnTrack,HARD
7.703,3193.0,-3890.0,1521.0,10689.1800032,183.4937632,7,0.0,True,0,OnTrack,HARD
7.812,3235.6900768851947,-3924.320294698252,1527.3395255121516,11397.0,176.0,7,0.0,True,0,OnTrack,HARD
7.882,3262.0,-3945.0,1531.0,11001.5007232,169.35001216,7,0.0,True,0,OnTrack,HARD
8.012,3308.5213019898392,-3980.3263161962946,1538.3034856979557,10267.0,157.0,5,0.0,True,0,OnTrack,HARD
8.142,3353.0,-4010.0,1545.0,9990.10027264,148.55000832,5,0.0,True,0,OnTrack,HARD
8.342,3420.0,-4042.0,1552.0,9564.10027264,135.55000832,5,0.0,True,0,OnTrack,HARD
8.412,3443.802515913258,-4050.0521262268135,1553.9444542538272,9415.0,131.0,3,0.0,True,0,OnTrack,HARD
8.582,3502.0,-4064.0,1558.0,8841.250432,124.3214336,3,0.0,True,0,OnTrack,HARD
8.692,3538.8734678226488,-4069.7243728452418,1560.3230003826245,8470.0,120.0,3,0.0,True,0,OnTrack,HARD
8.782,3566.0,-4073.0,1562.0,8127.55048704,114.15000832,3,0.0,True,0,OnTrack,HARD
8.892,3592.843575585839,-4075.7675701941234,1563.716830565635,7709.0,107.0,3,0.0,True,0,OnTrack,HARD
9.002,3628.0,-4071.0,1565.0,7498.166912,104.708336,3,0.0,True,0,OnTrack,HARD
9.132,3693.4460795077057,-4049.8176273036715,1565.9377102368937,7249.0,102.0,3,0.0,True,0,OnTrack,HARD
9.142,3698.0,-4048.0,1566.0,7237.35014912,101.65000448,3,0.0,True,0,OnTrack,HARD
9.332,3753.0504553389137,-4014.4046685430417,1567.1079452099752,7016.0,95.0,3,0.0,True,0,OnTrack,HARD
9.582,3773.0,-3977.0,1568.0,6365.107476114285,86.96428982857142,3,0.0,True,0,OnTrack,HARD
9.612,3775.0539748587835,-3973.4179545732086,1568.0308927845997,6287.0,86.0,3,0.0,True,0,OnTrack,HARD
9.882,3792.0,-3941.0,1568.0,5982.57514432,81.95000192,3,0.0,True,0,OnTrack,HARD
10.012,3800.4059968941037,-3913.0147764396315,1568.3759501129261,5836.0,80.0,3,0.0,True,0,OnTrack,HARD
10.242,3812.0,-3850.0,1569.0,5887.7499712,80.0,3,22.9999872,True,0,OnTrack,HARD
10.372,3813.2605564640626,-3815.6295568146375,1568.5976633177927,5917.0,80.0,3,36.0,False,0,OnTrack,HARD
10.642,3808.0,-3753.0,1567.0,6218.499857066667,82.99999857777777,3,39.749998222222224,False,0,OnTrack,HARD
10.732,3806.111100404096,-3737.006133599957,1566.7401592579824,6319.0,84.0,3,41.0,False,0,OnTrack,HARD
10.922,3802.0,-3706.0,1566.0,6699.000049272006,87.97489591288709,3,47.35983346061935,False,0,OnTrack,HARD
10.971,3800.836961517544,-3696.6884295204677,1565.522003848601,6797.0,89.0,3,49.0,False,0,OnTrack,HARD
11.171,3794.704032111041,-3648.4135783324014,1562.2280740341366,7321.0,94.0,3,54.0,False,0,OnTrack,HARD
11.223,3792.0,-3630.0,1561.0,7441.199305052129,95.45794305319293,3,55.78193039834693,False,0,OnTrack,HARD
11.403,3780.0,-3554.0,1556.0,7857.273822540268,100.50466900655312,3,61.950151008009364,False,0,OnTrack,HARD
11.492,3775.76910462994,-3527.984300889735,1553.957846207219,8063.0,103.0,3,65.0,False,0,OnTrack,HARD
11.772,3763.9530890252972,-3475.496439977119,1547.4255276355586,8811.0,114.0,3,72.0,False,0,OnTrack,HARD
11.783,3763.0,-3472.0,1547.0,8837.1932928,114.4124928,3,72.3093696,False,0,OnTrack,HARD
12.092,3721.6478964244016,-3333.690103831943,1530.5878956347144,9573.0,126.0,3,81.0,False,0,OnTrack,HARD
12.103,3720.0,-3329.0,1530.0,9632.34396416,126.49499136,3,81.10999808,False,0,OnTrack,HARD
12.292,3691.6440259986457,-3259.8585866901303,1520.6939575773279,10652.0,135.0,3,83.0,False,0,OnTrack,HARD
12.523,3659.0,-3194.0,1511.0,11173.674566400001,148.4749888,3,93.90832426666667,False,0,OnTrack,HARD
12.652,3642.939695749668,-3160.0459998267124,1506.1852788817846,11465.0,156.0,3,100.0,False,0,OnTrack,HARD
12.803,3622.0,-3115.0,1500.0,10408.001344,160.718744,3,100.0,False,0,OnTrack,HARD
12.812,3620.517896565659,-3111.8292606132036,1499.569952324763,10345.0,161.0,3,100.0,False,0,OnTrack,HARD
13.023,3579.0,-3023.0,1488.0,10935.7994624,174.187488,3,100.0,False,0,OnTrack,HARD
13.052,3572.532386092118,-3009.0072679762425,1486.3425325044727,11017.0,176.0,4,100.0,False,0,OnTrack,HARD
13.212,3534.161013764223,-2925.094150624913,1477.1726240605126,11428.0,181.0,4,100.0,False,0,OnTrack,HARD
13.343,3505.0,-2859.0,1470.0,11639.2371904,187.5499904,4,100.0,False,0,OnTrack,HARD
13.372,3499.2384997784866,-2845.5088516433234,1468.4802456351395,11686.0,189.0,4,100.0,False,0,OnTrack,HARD
13.572,3465.584112355834,-2762.6758897514737,1459.102791274218,11077.0,196.0,4,100.0,False,0,OnTrack,HARD
13.603,3461.0,-2751.0,1458.0,11078.377769244444,196.86110577777777,4,100.0,False,0,OnTrack,HARD
13.903,3419.0,-2634.0,1449.0,11091.711102577778,205.1944391111111,4,100.0,False,0,OnTrack,HARD
13.932,3414.084327702674,-2618.1901487329224,1447.3293808959065,11093.0,206.0,5,100.0,False,0,OnTrack,HARD
14.123,3380.0,-2502.0,1434.0,11319.33477248,212.68499328000001,5,100.0,False,0,OnTrack,HARD
14.132,3378.6463861663283,-2497.240098215726,1433.5108719814364,11330.0,213.0,5,100.0,False,0,OnTrack,HARD
14.292,3359.572323503738,-2427.494866168325,1427.795879652149,11610.0,215.0,5,100.0,False,0,OnTrack,HARD
14.382,3350.0,-2386.0,1425.0,11698.3123744,218.9374944,5,100.0,False,0,OnTrack,HARD
14.452,3342.196437293444,-2348.033119850271,1422.3909444704896,11767.0,222.0,5,100.0,False,0,OnTrack,HARD
14.602,3328.0,-2256.0,1416.0,10980.572099657144,224.14285531428573,5,100.0,False,0,OnTrack,HARD
14.732,3324.895092348163,-2175.381832177833,1410.4381517297595,10299.0,226.0,5,100.0,False,0,OnTrack,HARD
14.942,3336.0,-2042.0,1402.0,10618.666471822222,231.2499968,5,100.0,False,0,OnTrack,HARD
15.092,3352.5074876452622,-1942.3603696877392,1396.9132545668165,10847.0,235.0,6,100.0,False,0,OnTrack,HARD
15.122,3356.0,-1923.0,1396.0,10867.9999104,235.7499968,6,100.0,False,0,OnTrack,HARD
15.292,3378.8954106305387,-1813.431615890358,1391.2863892592616,10987.0,240.0,6,100.0,False,0,OnTrack,HARD
15.302,3381.0,-1806.0,1391.0,10996.035598628572,240.1071414857143,6,100.0,False,0,OnTrack,HARD
15.572,3466.995826650638,-1574.9983347801212,1383.205080791364,11240.0,243.0,6,100.0,False,0,OnTrack,HARD
15.582,3470.0,-1568.0,1383.0,11244.4061936,243.156248,6,100.0,False,0,OnTrack,HARD
15.892,3544.247319679254,-1431.2498594631347,1380.3680294213736,11381.0,248.0,6,100.0,False,0,OnTrack,HARD
15.962,3566.0,-1399.0,1380.0,11414.541605333334,248.8749984,6,100.0,False,0,OnTrack,HARD
16.132,3633.6116079639705,-1303.6091274368518,1379.0233103903681,11496.0,251.0,6,100.0,False,0,OnTrack,HARD
16.142,3638.0,-1298.0,1379.0,11501.857067885714,251.1071414857143,6,100.0,False,0,OnTrack,HARD
16.412,3767.0135061607966,-1160.613471986645,1379.9552691629694,11660.0,254.0,6,100.0,False,0,OnTrack,HARD
16.422,3772.0,-1156.0,1380.0,11665.6874272,254.1249984,6,100.0,False,0,OnTrack,HARD
16.572,3853.9867302508474,-1086.4031775240082,1380.8711959116163,11751.0,256.0,6,100.0,False,0,OnTrack,HARD
16.582,3861.0,-1081.0,1381.0,11709.0005376,256.14999808,6,100.0,False,0,OnTrack,HARD
16.772,4033.385650126942,-958.0461903284777,1385.4472425829902,10911.0,259.0,6,100.0,False,0,OnTrack,HARD
16.842,4086.0,-922.0,1387.0,10835.3126384,259.0,6,100.0,False,0,OnTrack,HARD
16.932,4130.780975532585,-892.0937757453238,1388.4270291977582,10738.0,259.0,6,100.0,False,0,OnTrack,HARD
17.142,4197.0,-855.0,1391.0,10584.583426844445,261.3333319111111,6,100.0,False,0,OnTrack,HARD
17.292,4294.167347889251,-803.444284395914,1394.3988214441617,10475.0,263.0,7,100.0,False,0,OnTrack,HARD
17.322,4314.0,-793.0,1395.0,10498.09990144,263.44999808,7,100.0,False,0,OnTrack,HARD
17.492,4421.804757294261,-736.6769158934367,1397.4902282944213,10629.0,266.0,7,100.0,False,0,OnTrack,HARD
17.522,4446.0,-724.0,1398.0,10640.909508415205,266.45225981323557,7,100.0,False,0,OnTrack,HARD
17.691,4621.26128919558,-631.7948257171734,1401.755216407531,10708.0,269.0,7,100.0,False,0,OnTrack,HARD
17.763,4684.0,-599.0,1403.0,10744.785024726714,269.4485978625209,7,100.0,False,0,OnTrack,HARD
18.012,4779.47576416944,-548.5155582812318,1403.8667768031062,10872.0,271.0,7,100.0,False,0,OnTrack,HARD
18.083,4814.0,-525.0,1404.0,10887.9749568,271.70999808,7,100.0,False,0,OnTrack,HARD
18.212,4911.351029109383,-454.9167474225566,1404.656123111949,10917.0,273.0,7,100.0,False,0,OnTrack,HARD
18.412,5099.86451837128,-315.3362084648634,1405.9461064536008,11049.0,274.0,7,100.0,False,0,OnTrack,HARD
18.463,5134.0,-290.0,1406.0,11062.114236342857,274.36428434285716,7,100.0,False,0,OnTrack,HARD
18.692,5212.5873854093015,-230.85274245315824,1404.7795809638028,11121.0,276.0,7,100.0,False,0,OnTrack,HARD
18.803,5254.0,-195.0,1404.0,11120.20714422857,276.3964278857143,7,100.0,False,0,OnTrack,HARD
18.963,5343.0,-113.0,1403.0,11119.064287085714,276.96785645714283,7,100.0,False,0,OnTrack,HARD
18.972,5347.629198987606,-108.3665225062214,1402.924736107581,11119.0,277.0,7,100.0,False,0,OnTrack,HARD
19.132,5413.7287221225,-32.585102243847594,1401.0907604839601,11119.0,277.0,7,100.0,False,0,OnTrack,HARD
19.283,5483.0,79.0,1399.0,11111.07251008,276.24500096,7,100.0,False,0,OnTrack,HARD
19.443,5583.0,261.0,1397.0,11102.67251008,275.44500096,7,100.0,False,0,OnTrack,HARD
19.532,5620.307404393114,328.8382108143158,1396.3400632283879,11098.0,275.0,7,100.0,False,0,OnTrack,HARD
19.783,5674.0,421.0,1395.0,11102.482139428572,277.6892836571429,7,100.0,False,0,OnTrack,HARD
19.812,5682.526226523888,435.49935618044015,1394.6502432306447,11103.0,278.0,7,100.0,False,0,OnTrack,HARD
20.012,5760.284540825754,566.6755959414425,1391.118916757629,10818.0,278.0,7,62.0,False,0,OnTrack,HARD
20.143,5820.0,651.0,1390.0,10756.866756266667,273.63333973333334,7,41.25836373333333,False,0,OnTrack,HARD
20.183,5839.0,674.0,1390.0,10738.2000896,272.3000064,7,34.9250304,False,0,OnTrack,HARD
20.252,5875.910664947335,715.555218312147,1389.5811896337086,10706.0,270.0,7,24.0,False,0,OnTrack,HARD
20.492,6039.784003328027,866.1171736075679,1385.1705487839326,10291.0,265.0,7,42.0,False,0,OnTrack,HARD
20.503,6048.0,872.0,1385.0,10330.29681408,264.75250432,7,41.97250048,False,0,OnTrack,HARD
20.892,6344.006082626669,1018.8942398179958,1382.0946436773954,11720.0,256.0,7,41.0,False,0,OnTrack,HARD
20.922,6362.0,1028.0,1382.0,11641.5717632,255.1428608,7,41.2142848,False,0,OnTrack,HARD
21.172,6470.54194222381,1099.6935538842024,1381.5850485333983,10988.0,248.0,6,43.0,False,0,OnTrack,HARD
21.362,6535.0,1170.0,1382.0,11042.888851911111,244.83333546666665,6,50.38888391111111,False,0,OnTrack,HARD
21.532,6598.432261187212,1259.8557310627305,1382.919899562735,11092.0,242.0,6,57.0,False,0,OnTrack,HARD
21.582,6619.0,1297.0,1383.0,11066.285780114285,241.10714514285715,6,60.214277485714284,False,0,OnTrack,HARD
21.802,6710.0,1502.0,1382.0,10953.142922971429,237.1785737142857,6,74.35713462857143,False,0,OnTrack,HARD
21.812,6712.8534561921015,1509.4419501072095,1381.9544613008068,10948.0,237.0,6,75.0,False,0,OnTrack,HARD
22.092,6741.23400934191,1626.704146779328,1381.2500586201234,10987.0,238.0,6,100.0,False,0,OnTrack,HARD
22.162,6748.0,1660.0,1381.0,11000.124976,238.8749984,6,100.0,False,0,OnTrack,HARD
22.332,6775.169076884024,1770.0452041619105,1380.1331069904518,11032.0,241.0,6,100.0,False,0,OnTrack,HARD
22.362,6780.0,1790.0,1380.0,11040.6785344,241.3214272,6,100.0,False,0,OnTrack,HARD
22.612,6820.514438533257,1950.78401705759,1379.0686558333473,11113.0,244.0,6,100.0,False,0,OnTrack,HARD
22.622,6823.0,1958.0,1379.0,11112.090920727273,243.93181905454546,6,99.1363746909091,False,0,OnTrack,HARD
22.842,6899.0,2131.0,1377.0,11092.090920727273,242.43181905454546,6,80.1363746909091,False,0,OnTrack,HARD
23.052,6992.4896785222245,2272.46081467761,1376.4920793619508,11073.0,241.0,6,62.0,False,0,OnTrack,HARD
23.262,7080.0,2374.0,1377.0,10798.250167466667,238.3750016,6,41.875012266666666,False,0,OnTrack,HARD
23.292,7090.130840161066,2384.666729117594,1377.0900379595212,10759.0,238.0,6,39.0,True,0,OnTrack,HARD
23.542,7168.0,2453.0,1378.0,10520.718872,230.9687536,6,39.0,True,0,OnTrack,HARD
23.612,7198.427356981735,2476.4541745050474,1378.2992022367853,10454.0,229.0,6,39.0,True,0,OnTrack,HARD
23.772,7283.9412282913,2539.2436327793453,1379.1450032597447,10314.0,223.0,6,47.0,False,0,OnTrack,HARD
23.862,7333.0,2572.0,1380.0,10281.60004608,221.65000192,6,53.29999104,False,0,OnTrack,HARD
23.972,7391.392877478746,2607.199173212168,1381.4506649786035,10242.0,220.0,6,61.0,False,0,OnTrack,HARD
24.022,7418.0,2622.0,1382.0,10210.4375808,220.3124992,6,64.7499904,False,0,OnTrack,HARD
24.132,7477.58621990521,2652.6742797512343,1382.6695753528904,10141.0,221.0,6,73.0,False,0,OnTrack,HARD
24.183,7506.0,2666.0,1383.0,10172.440763486116,221.18279513654718,6,75.19354163856629,False,0,OnTrack,HARD
24.411,7636.524863952465,2717.7428085794268,1385.810518411722,10313.0,222.0,6,85.0,False,0,OnTrack,HARD
24.423,7643.0,2720.0,1386.0,10314.552237323236,222.17910430652722,6,84.70149282245461,False,0,OnTrack,HARD
24.612,7747.627773957343,2747.577735766176,1389.3878257139374,10339.0,225.0,6,80.0,False,0,OnTrack,HARD
24.643,7772.0,2750.0,1390.0,10308.5814384,225.0,6,77.093768,False,0,OnTrack,HARD
24.772,7903.489706931583,2752.8931920567607,1392.6695987057176,10182.0,225.0,6,65.0,False,0,OnTrack,HARD
24.843,7971.0,2752.0,1394.0,10202.285659428571,223.7321462857143,6,64.74642925714285,False,0,OnTrack,HARD
25.052,8078.3175612882815,2745.9975643140856,1396.720868718554,10262.0,220.0,6,64.0,False,0,OnTrack,HARD
25.252,8138.8819480983675,2722.291107090845,1398.8477782478008,10226.0,220.0,6,72.0,False,0,OnTrack,HARD
25.323,8187.0,2704.0,1400.0,10257.161026844444,220.59166506666668,6,75.35276871111111,False,0,OnTrack,HARD
25.483,8330.0,2650.0,1403.0,10327.383249066666,221.9249984,6,82.90832426666667,False,0,OnTrack,HARD
25.612,8405.847362352666,2619.609437605559,1404.274182205217,10384.0,223.0,6,89.0,False,0,OnTrack,HARD
25.843,8488.0,2578.0,1405.0,10492.899909485714,226.29999725714285,6,98.07499245714286,False,0,OnTrack,HARD
25.892,8512.905952001976,2564.4803055993048,1405.3060511781232,10516.0,227.0,6,100.0,False,0,OnTrack,HARD
26.052,8610.89399018757,2510.3107391030608,1406.6001817469482,10484.0,230.0,6,100.0,False,0,OnTrack,HARD
26.123,8653.0,2487.0,1407.0,10567.8685232,231.3312464,6,100.0,False,0,OnTrack,HARD
26.212,8701.65450480687,2460.143204154611,1407.2517623099175,10673.0,233.0,6,100.0,False,0,OnTrack,HARD
26.343,8780.0,2423.0,1407.0,10473.2252928,230.19286125714285,6,54.1500672,False,0,OnTrack,HARD
26.492,8905.189804350206,2380.23183781737,1405.6476552872928,10246.0,227.0,6,2.0,True,0,OnTrack,HARD
26.563,8959.0,2364.0,1405.0,10577.0366048,223.8937584,6,1.5562512,True,0,OnTrack,HARD
26.652,9010.036867173578,2349.9136702252454,1404.410320057682,10992.0,220.0,6,1.0,False,0,OnTrack,HARD
26.883,9102.0,2335.0,1403.0,11266.312272,215.187504,6,25.06248,False,0,OnTrack,HARD
26.892,9106.522518037122,2334.5362133141602,1402.89950805717,11277.0,215.0,5,26.0,False,0,OnTrack,HARD
27.043,9191.0,2329.0,1401.0,11177.906376,209.3375072,5,23.1687536,False,0,OnTrack,HARD
27.052,9195.867580405473,2329.024671077088,1400.9196050679072,11172.0,209.0,5,23.0,False,0,OnTrack,HARD
27.223,9287.0,2343.0,1400.0,10891.9878144,206.1500032,5,23.7124992,False,0,OnTrack,HARD
27.292,9332.479144960093,2360.6894317714996,1399.3902449397406,10779.0,205.0,5,24.0,False,0,OnTrack,HARD
27.522,9504.0,2454.0,1397.0,10663.361175466667,197.97222613333332,5,37.4166592,False,0,OnTrack,HARD
27.652,9580.6633450873,2503.62441386869,1397.0104537985433,10598.0,194.0,5,45.0,False,0,OnTrack,HARD
27.922,9688.0,2587.0,1399.0,10352.10725942857,194.0,5,58.499993599999996,False,0,OnTrack,HARD
27.932,9690.834398482795,2589.400352323333,1399.0590843487475,10343.0,194.0,5,59.0,False,0,OnTrack,HARD
28.262,9763.0,2663.0,1401.0,10414.999972072726,194.0,5,74.7499938909091,False,0,OnTrack,HARD
28.372,9799.991995243052,2706.6404625942955,1402.4747929543846,10439.0,194.0,5,80.0,False,0,OnTrack,HARD
28.462,9833.0,2747.0,1404.0,10467.840868072728,195.43181614545455,5,67.93183534545454,False,0,OnTrack,HARD
28.782,9941.0,2886.0,1411.0,10570.386322618182,200.52272523636364,5,25.02274443636363,False,0,OnTrack,HARD
28.812,9950.127144238537,2896.7252068692396,1411.7299350757921,10580.0,201.0,5,21.0,True,0,OnTrack,HARD
28.942,9989.0,2940.0,1415.0,10466.250112,192.0625088,5,6.375014400000001,True,0,OnTrack,HARD
28.972,9998.455430635375,2950.4906135380693,1415.7803375695612,10440.0,190.0,5,3.0,True,0,OnTrack,HARD
29.162,10065.0,3024.0,1421.0,10700.458157866668,180.5000064,5,3.7916661333333335,True,0,OnTrack,HARD
29.212,10085.139975530668,3045.603667197617,1422.482616079652,10769.0,178.0,5,4.0,True,0,OnTrack,HARD
29.372,10153.981656558923,3117.1169881441283,1427.320830435315,10629.0,171.0,4,3.0,True,0,OnTrack,HARD
29.442,10179.0,3141.0,1429.0,10485.000263314285,168.0000054857143,4,3.0,True,0,OnTrack,HARD
29.652,10233.803057527795,3181.5460534407475,1432.4121238348657,10053.0,159.0,4,3.0,True,0,OnTrack,HARD
29.682,10243.0,3187.0,1433.0,10005.6430592,158.5714304,4,2.6785728,True,0,OnTrack,HARD
29.882,10320.0,3228.0,1438.0,9689.928773485713,155.71428754285714,4,0.5357156571428572,True,0,OnTrack,HARD
29.932,10339.699617062457,3236.462701652152,1439.1730246695474,9611.0,155.0,4,0.0,True,0,OnTrack,HARD
30.092,10401.205643028334,3256.228297050882,1442.4985480786802,9186.0,148.0,4,0.0,True,0,OnTrack,HARD
30.162,10429.0,3262.0,1444.0,9143.1250784,147.1250016,4,0.29166613333333336,True,0,OnTrack,HARD
30.332,10498.180215029402,3269.7457730714577,1447.7999321656564,9039.0,145.0,4,1.0,False,0,OnTrack,HARD
30.342,10502.0,3270.0,1448.0,9033.7813168,144.8750016,4,2.2187343999999998,False,0,OnTrack,HARD
30.642,10622.0,3261.0,1454.0,8877.2188168,141.1250016,4,38.7812344,False,0,OnTrack,HARD
30.652,10628.025828962407,3259.576806719733,1454.3367841309746,8872.0,141.0,4,40.0,False,0,OnTrack,HARD
30.823,10742.0,3228.0,1461.0,8990.9873664,141.0,4,47.124992,False,0,OnTrack,HARD
30.892,10772.90564702073,3219.132908628027,1462.8860089083616,9039.0,141.0,4,50.0,False,0,OnTrack,HARD
31.091,10798.600778274385,3211.059829539783,1464.8248880029516,8839.0,141.0,4,51.0,False,0,OnTrack,HARD
31.283,10853.0,3168.0,1469.0,9093.861035824488,141.68327355448923,4,59.199282653870924,False,0,OnTrack,HARD
31.372,10908.503068560762,3126.0475080580172,1472.9444014886687,9212.0,142.0,4,63.0,False,0,OnTrack,HARD
31.443,10951.0,3094.0,1476.0,9246.48562102857,143.52142445714287,4,65.28213668571429,False,0,OnTrack,HARD
31.652,11001.836687701012,3054.6899895900106,1480.3147494016682,9348.0,148.0,4,72.0,False,0,OnTrack,HARD
31.823,11023.0,3030.0,1482.0,9747.7120512,151.562496,4,79.124992,False,0,OnTrack,HARD
31.892,11039.656649771156,3010.4220984845088,1482.9297424413035,9909.0,153.0,4,82.0,False,0,OnTrack,HARD
32.063,11094.0,2950.0,1486.0,10111.824772266667,156.79999573333333,4,74.875008,False,0,OnTrack,HARD
32.223,11147.0,2904.0,1490.0,10301.602550044445,160.35555128888888,4,68.20834133333334,False,0,OnTrack,HARD
32.252,11157.241772906902,2896.6415004435803,1490.7367575053324,10336.0,161.0,4,67.0,False,0,OnTrack,HARD
32.383,11206.0,2867.0,1494.0,10426.062368,163.18333013333333,4,69.18333013333333,False,0,OnTrack,HARD
32.492,11248.217155517978,2847.433281549325,1496.6856613630898,10501.0,165.0,4,71.0,False,0,OnTrack,HARD
32.623,11308.0,2830.0,1500.0,10654.196997688889,165.72777671111112,4,72.81944177777778,False,0,OnTrack,HARD
32.852,11452.81223906743,2814.7455332557843,1506.1660378787406,10922.0,167.0,4,76.0,False,0,OnTrack,HARD
32.943,11503.0,2813.0,1508.0,10942.4749568,168.81999616,4,76.90999808,False,0,OnTrack,HARD
33.052,11548.065047077165,2813.673217963942,1509.4052531557136,10967.0,171.0,4,78.0,False,0,OnTrack,HARD
33.212,11594.413706148616,2819.4632277240626,1510.3061860180662,11400.0,174.0,4,100.0,False,0,OnTrack,HARD
33.303,11630.0,2824.0,1511.0,11505.660888177777,176.52777244444445,4,100.0,False,0,OnTrack,HARD
33.403,11680.0,2830.0,1512.0,11621.771999288889,179.30555022222222,4,100.0,False,0,OnTrack,HARD
33.572,11792.844138682602,2844.9788398231517,1513.7541335813758,11818.0,184.0,4,100.0,False,0,OnTrack,HARD
33.723,11887.0,2859.0,1515.0,10801.01629312,189.28499328,4,100.0,False,0,OnTrack,HARD
33.772,11909.411651650262,2862.798340162006,1515.2794777734334,10471.0,191.0,4,100.0,False,0,OnTrack,HARD
33.972,11973.602424455335,2876.886881911864,1515.893950142277,10635.0,197.0,5,100.0,False,0,OnTrack,HARD
34.023,11994.0,2882.0,1516.0,10731.51713664,198.9124928,5,100.0,False,0,OnTrack,HARD
34.302,12148.0,2922.0,1516.0,11259.52475776,209.3749952,5,100.0,False,0,OnTrack,HARD
34.372,12187.939645473987,2932.641690403289,1515.5340748747185,11392.0,212.0,5,100.0,False,0,OnTrack,HARD
34.442,12227.0,2943.0,1515.0,11411.833297066667,213.7499968,5,100.0,False,0,OnTrack,HARD
34.612,12320.28384290892,2966.9382420655074,1513.9384796431948,11460.0,218.0,5,100.0,False,0,OnTrack,HARD
34.682,12367.0,2979.0,1513.0,11338.3752224,219.5312472,5,100.0,False,0,OnTrack,HARD
34.932,12576.375564153943,3034.402590228254,1506.643897953846,10904.0,225.0,5,100.0,False,0,OnTrack,HARD
34.962,12597.0,3040.0,1506.0,10875.750120533334,225.99999573333332,5,100.0,False,0,OnTrack,HARD
35.172,12687.883286869494,3065.9501145510794,1503.488508974438,10678.0,233.0,6,100.0,False,0,OnTrack,HARD
35.372,12779.14031269091,3103.5934142306814,1499.3126666385717,10883.0,236.0,6,100.0,False,0,OnTrack,HARD
35.402,12803.0,3114.0,1498.0,10912.062376,236.5624976,6,100.0,False,0,OnTrack,HARD
35.532,12931.620270806015,3171.000013507459,1490.561981653036,11038.0,239.0,6,100.0,False,0,OnTrack,HARD
35.582,12974.0,3190.0,1488.0,11079.4582272,240.041664,6,100.0,False,0,OnTrack,HARD
35.772,13051.57750144924,3226.077905754372,1482.5768978089498,11237.0,244.0,6,100.0,False,0,OnTrack,HARD
35.862,13084.0,3242.0,1480.0,11264.321389714285,245.60714057142857,6,100.0,False,0,OnTrack,HARD
36.052,13196.64445016211,3297.844876563753,1471.4877527853896,11322.0,249.0,6,100.0,False,0,OnTrack,HARD
36.142,13253.0,3331.0,1467.0,11399.142747428572,250.28571245714286,6,100.0,False,0,OnTrack,HARD
36.332,13355.75526380802,3410.2052837775345,1457.9652210868294,11562.0,253.0,6,100.0,False,0,OnTrack,HARD
36.402,13392.0,3443.0,1455.0,11600.4999296,254.3124976,6,100.0,False,0,OnTrack,HARD
36.582,13486.0,3535.0,1448.0,11699.4999296,257.6874976,6,100.0,False,0,OnTrack,HARD
36.652,13521.684467631121,3571.094819350908,1444.720291313064,11738.0,259.0,6,100.0,False,0,OnTrack,HARD
36.842,13616.0,3670.0,1435.0,10851.333930666668,261.3749984,6,100.0,False,0,OnTrack,HARD
36.892,13640.554102324826,3697.1407455902004,1432.8150636930748,10618.0,262.0,7,100.0,False,0,OnTrack,HARD
37.042,13712.0,3780.0,1427.0,10620.343748,263.8749984,7,100.0,False,0,OnTrack,HARD
37.142,13758.0,3837.0,1423.0,10621.906248,265.1249984,7,100.0,False,0,OnTrack,HARD
37.212,13799.051523222612,3888.4797642026706,1419.5442621638008,10623.0,266.0,7,100.0,False,0,OnTrack,HARD
37.452,13966.544559603612,4098.980266775132,1406.1083033575765,10778.0,270.0,7,100.0,False,0,OnTrack,HARD
37.483,13981.0,4117.0,1405.0,10794.721892573449,270.5145197714907,7,100.0,False,0,OnTrack,HARD
37.693,14029.064291415101,4175.508116064067,1401.8849993491644,10908.0,274.0,7,100.0,False,0,OnTrack,HARD
37.763,14048.0,4199.0,1401.0,10938.609256003612,274.50179108202644,7,100.0,False,0,OnTrack,HARD
37.972,14145.957508589041,4322.459230682838,1396.3060586385554,11030.0,276.0,7,100.0,False,0,OnTrack,HARD
37.983,14152.0,4330.0,1396.0,11034.720750933333,276.0916650666667,7,100.0,False,0,OnTrack,HARD
38.163,14255.0,4457.0,1391.0,11111.970750933333,277.5916650666667,7,100.0,False,0,OnTrack,HARD
38.212,14282.016180748313,4489.974777236155,1390.1725989826991,11133.0,278.0,7,100.0,False,0,OnTrack,HARD
38.323,14343.0,4564.0,1389.0,11164.07994624,279.10999808,7,100.0,False,0,OnTrack,HARD
38.412,14396.158984842177,4628.278227456058,1388.0435309507761,11189.0,280.0,7,100.0,False,0,OnTrack,HARD
38.612,14523.32625555986,4781.735839688717,1385.8100105420724,11244.0,281.0,7,100.0,False,0,OnTrack,HARD
38.703,14572.0,4841.0,1385.0,11269.593696,281.5687488,7,100.0,False,0,OnTrack,HARD
38.772,14603.657815962222,4879.896510210165,1384.4990983512412,11289.0,282.0,7,100.0,False,0,OnTrack,HARD
39.083,14718.0,5025.0,1384.0,11280.2531304,282.0,7,100.0,False,0,OnTrack,HARD
39.092,14721.834056408017,5029.967366378936,1384.0522543549478,11280.0,282.0,7,100.0,False,0,OnTrack,HARD
39.343,14843.0,5185.0,1386.0,11310.478548114286,282.8964278857143,7,100.0,False,0,OnTrack,HARD
39.372,14857.483069303227,5202.409051492481,1385.9949565526354,11314.0,283.0,7,100.0,False,0,OnTrack,HARD
39.383,14863.0,5209.0,1386.0,11313.633339733333,283.04583253333334,7,100.0,False,0,OnTrack,HARD
39.612,14980.536764184,5347.712248052867,1388.4394736717938,11306.0,284.0,7,100.0,False,0,OnTrack,HARD
39.643,14996.0,5366.0,1389.0,11283.718888,283.6125024,7,84.3063472,False,0,OnTrack,HARD
39.772,15059.08092110109,5440.9932212630865,1391.75933279845,11191.0,282.0,7,19.0,True,0,OnTrack,HARD
39.823,15087.0,5474.0,1393.0,11027.942280533332,276.0500224,7,16.308343466666667,True,0,OnTrack,HARD
40.083,15255.0,5670.0,1400.0,10196.664502755555,245.71668906666667,7,2.5861212444444455,True,0,OnTrack,HARD
40.132,15281.355479995324,5700.506963883225,1401.2213535541805,10040.0,240.0,7,0.0,True,0,OnTrack,HARD
40.492,15405.186656920087,5844.525984666985,1408.78909668471,10645.0,203.0,6,1.0,True,0,OnTrack,HARD
40.503,15408.0,5848.0,1409.0,10647.2687104,200.593792,6,0.9312512,True,0,OnTrack,HARD
40.652,15442.476268356597,5892.37765742589,1411.777398028162,10678.0,168.0,6,0.0,True,0,OnTrack,HARD
40.812,15474.92789216209,5940.078011644235,1414.524368307603,11269.0,159.0,6,0.0,True,0,OnTrack,HARD
40.842,15481.0,5950.0,1415.0,11129.2193464,156.5625104,6,0.0,True,0,OnTrack,HARD
41.062,15524.0,6029.0,1418.0,10104.1568464,138.6875104,6,0.0,True,0,OnTrack,HARD
41.132,15535.608415646451,6053.05228741277,1418.6706245581968,9778.0,133.0,4,0.0,True,0,OnTrack,HARD
41.292,15557.494576971578,6104.538637710439,1419.72606168331,9020.0,122.0,3,0.0,True,0,OnTrack,HARD
41.342,15563.0,6120.0,1420.0,8841.2504576,119.5000064,3,0.0,True,0,OnTrack,HARD
41.492,15575.690816436672,6164.826013387784,1420.7116862453654,8305.0,112.0,3,0.0,True,0,OnTrack,HARD
41.602,15581.0,6196.0,1421.0,7857.0942712,107.1875056,3,0.0,True,0,OnTrack,HARD
41.762,15581.0,6241.0,1421.0,7205.5942712,100.1875056,3,0.0,True,0,OnTrack,HARD
41.812,15577.745056295265,6257.662405786346,1420.9909366732602,7002.0,98.0,3,0.0,True,0,OnTrack,HARD
42.002,15556.0,6322.0,1421.0,6567.3752928,92.062504,3,0.0,True,0,OnTrack,HARD
42.132,15543.872647512984,6343.189922969914,1420.9878437942948,6270.0,88.0,3,0.0,True,0,OnTrack,HARD
42.302,15526.0,6358.0,1421.0,5905.35027456,82.05000448,3,0.0,True,0,OnTrack,HARD
42.332,15521.553360641441,6361.864636547384,1421.014207162311,5841.0,81.0,3,0.0,True,0,OnTrack,HARD
42.482,15495.0,6384.0,1421.0,5474.4378128,77.2500032,3,0.0,True,0,OnTrack,HARD
42.492,15493.147416861637,6385.307150345757,1420.978751249271,5450.0,77.0,3,0.0,True,0,OnTrack,HARD
42.732,15447.874963509907,6408.272147807679,1420.016893537983,5163.0,72.0,3,0.0,True,0,OnTrack,HARD
42.742,15446.0,6409.0,1420.0,5163.8749888,71.8750016,3,0.8749888,True,0,OnTrack,HARD
42.892,15417.915912281063,6418.438097760588,1420.007611133506,5177.0,70.0,3,14.0,False,0,OnTrack,HARD
42.902,15416.0,6419.0,1420.0,5188.093608,70.0312496,3,14.4999936,False,0,OnTrack,HARD
43.162,15366.0,6431.0,1419.0,5476.531108,70.8437496,3,27.4999936,False,0,OnTrack,HARD
43.212,15357.732636791792,6432.554889589888,1418.6902402574174,5532.0,71.0,3,30.0,False,0,OnTrack,HARD
43.442,15309.0,6436.0,1417.0,5778.610973866666,74.19444266666666,3,37.6666624,False,0,OnTrack,HARD
43.572,15253.609084157524,6435.090201382245,1416.0633102639663,5918.0,76.0,3,42.0,False,0,OnTrack,HARD
43.582,15250.0,6435.0,1416.0,5923.8749248,76.1249984,3,42.0,False,0,OnTrack,HARD
43.732,15218.42814870476,6433.775720707696,1415.251643075722,6012.0,78.0,3,42.0,False,0,OnTrack,HARD
43.932,15203.669414095533,6431.229460188735,1414.1021269671696,6432.0,80.0,3,51.0,False,0,OnTrack,HARD
43.943,15202.0,6431.0,1414.0,6456.945993142857,80.31428022857143,3,51.31428022857143,False,0,OnTrack,HARD
44.212,15137.890876212876,6423.006944616741,1411.0797291161366,7067.0,88.0,3,59.0,False,0,OnTrack,HARD
44.243,15130.0,6422.0,1411.0,7130.541915237227,89.38805154644427,3,59.61691179841968,False,0,OnTrack,HARD
44.303,15115.0,6420.0,1411.0,7253.527029023531,92.07461956604803,3,60.81094202935468,False,0,OnTrack,HARD
44.413,15085.947668913755,6415.155707655484,1410.1112645430271,7479.0,97.0,3,63.0,False,0,OnTrack,HARD
44.643,15023.0,6402.0,1406.0,8415.139679736994,105.07016965290512,3,69.34084758442545,False,0,OnTrack,HARD
44.812,14974.751946953345,6390.353192390864,1403.305509578733,9103.0,111.0,3,74.0,False,0,OnTrack,HARD
44.823,14970.0,6389.0,1403.0,9112.624832,111.6187392,3,74.4812416,False,0,OnTrack,HARD
44.972,14885.284656156398,6363.1059726341,1397.1293609757076,9243.0,120.0,3,81.0,False,0,OnTrack,HARD
45.003,14869.0,6358.0,1396.0,9349.9493376,121.453116,3,82.2593672,False,0,OnTrack,HARD
45.292,14791.594923426777,6332.63992045392,1391.236248141484,10347.0,135.0,3,94.0,False,0,OnTrack,HARD
45.483,14747.0,6316.0,1388.0,11122.45922048,145.50498944,3,98.7749952,False,0,OnTrack,HARD
45.492,14744.047005259818,6314.898360019092,1387.761119406536,11159.0,146.0,3,99.0,False,0,OnTrack,HARD
45.643,14685.0,6293.0,1383.0,10827.7441712,153.5499904,3,99.4718744,False,0,OnTrack,HARD
45.803,14619.0,6269.0,1379.0,10476.7441712,161.5499904,3,99.9718744,False,0,OnTrack,HARD
45.812,14616.247552534249,6267.96517571541,1378.909958898358,10457.0,162.0,3,100.0,False,0,OnTrack,HARD
45.983,14581.0,6254.0,1379.0,10950.4565888,170.5499904,3,100.0,False,0,OnTrack,HARD
46.092,14552.726663886991,6243.780875611303,1377.1599188606465,11265.0,176.0,4,100.0,False,0,OnTrack,HARD
46.252,14495.615407715422,6223.671577042942,1372.3145360709923,11454.0,185.0,4,100.0,False,0,OnTrack,HARD
46.263,14491.0,6222.0,1372.0,11451.132192914285,185.2749952,4,100.0,False,0,OnTrack,HARD
46.523,14363.0,6175.0,1365.0,11383.346478628571,191.7749952,4,100.0,False,0,OnTrack,HARD
46.532,14358.433628877314,6173.374906632457,1364.7342311841903,11381.0,192.0,4,100.0,False,0,OnTrack,HARD
46.623,14312.0,6157.0,1362.0,11203.225375085714,195.57499245714286,4,100.0,False,0,OnTrack,HARD
46.812,14205.234103031871,6117.840341379665,1357.5402004685268,10834.0,203.0,5,100.0,False,0,OnTrack,HARD
46.943,14132.0,6091.0,1355.0,11028.8622144,207.9124928,5,100.0,False,0,OnTrack,HARD
47.052,14076.098925595225,6071.13022817419,1352.9784868046422,11191.0,212.0,5,100.0,False,0,OnTrack,HARD
47.203,13999.0,6044.0,1350.0,11196.977075733334,216.08957813333333,5,100.0,False,0,OnTrack,HARD
47.382,13896.0,6007.0,1346.0,11204.062494933334,220.93749653333333,5,100.0,False,0,OnTrack,HARD
47.532,13808.861854474904,5976.508350963988,1344.125770379323,11210.0,225.0,5,100.0,False,0,OnTrack,HARD
47.682,13720.0,5946.0,1343.0,11084.00010752,227.62499776,5,100.0,False,0,OnTrack,HARD
47.922,13574.0,5896.0,1341.0,10882.40010752,231.82499776,5,100.0,False,0,OnTrack,HARD
47.932,13568.33994192112,5894.043011382194,1340.9277225092135,10874.0,232.0,6,100.0,False,0,OnTrack,HARD
48.142,13438.0,5849.0,1340.0,11018.374912,237.77499648,6,100.0,False,0,OnTrack,HARD
48.332,13241.214256140976,5782.7585452502835,1340.9348005356437,11149.0,243.0,6,100.0,False,0,OnTrack,HARD
48.342,13233.0,5780.0,1341.0,11158.541544533333,243.2499968,6,100.0,False,0,OnTrack,HARD
48.572,13139.447403040691,5748.731913146442,1342.526512750654,11378.0,249.0,6,100.0,False,0,OnTrack,HARD
48.642,13115.0,5741.0,1343.0,11436.09989376,250.39999744,6,100.0,False,0,OnTrack,HARD
48.772,13051.238828179658,5721.283203599823,1343.8893837650403,11544.0,253.0,6,100.0,False,0,OnTrack,HARD
48.972,12896.953538087677,5674.940000430462,1346.7415130696872,11691.0,256.0,6,100.0,False,0,OnTrack,HARD
48.982,12887.0,5672.0,1347.0,11697.19992064,256.04999936,6,100.0,False,0,OnTrack,HARD
49.172,12678.322454089604,5611.010552279806,1353.2503495826286,11815.0,257.0,6,100.0,False,0,OnTrack,HARD
49.202,12654.0,5604.0,1354.0,11714.333762844444,257.49999786666666,6,100.0,False,0,OnTrack,HARD
49.462,12556.0,5577.0,1357.0,10841.8893184,261.8333312,6,100.0,False,0,OnTrack,HARD
49.532,12517.406156290483,5566.164126042277,1358.381642166974,10607.0,263.0,6,100.0,False,0,OnTrack,HARD
49.692,12395.945941927293,5531.675009770042,1362.7621091966669,10682.0,265.0,7,100.0,False,0,OnTrack,HARD
49.742,12358.0,5521.0,1364.0,10690.4374784,265.6249984,7,100.0,False,0,OnTrack,HARD
49.852,12278.196844814927,5498.796216693929,1366.318813559713,10709.0,267.0,7,100.0,False,0,OnTrack,HARD
50.002,12173.0,5470.0,1369.0,10747.124967466667,267.6249994666667,7,100.0,False,0,OnTrack,HARD
50.092,12108.676539122409,5452.578779918546,1370.6375345508632,10770.0,268.0,7,100.0,False,0,OnTrack,HARD
50.222,12014.0,5427.0,1373.0,10833.916603733333,270.16666453333335,7,100.0,False,0,OnTrack,HARD
50.332,11932.193195411288,5404.764942644488,1374.92947037294,10888.0,272.0,7,100.0,False,0,OnTrack,HARD
50.402,11880.0,5391.0,1376.0,10937.69990912,273.04999808,7,100.0,False,0,OnTrack,HARD
50.482,11821.0,5376.0,1377.0,10994.49990912,274.24999808,7,100.0,False,0,OnTrack,HARD
50.532,11785.403752349286,5366.766445342339,1377.5326431172946,11030.0,275.0,7,100.0,False,0,OnTrack,HARD
50.683,11673.0,5337.0,1379.0,11111.1623968,277.8312464,7,100.0,False,0,OnTrack,HARD
50.692,11665.121979251198,5334.953557294351,1379.1016707028275,11116.0,278.0,7,100.0,False,0,OnTrack,HARD
50.893,11455.081659993193,5281.625180064325,1381.8191720111895,11185.0,280.0,7,100.0,False,0,OnTrack,HARD
51.003,11357.0,5257.0,1383.0,11235.1874416,280.6874992,7,100.0,False,0,OnTrack,HARD
51.053,11322.951488027891,5248.463270688453,1383.3660982729182,11258.0,281.0,7,100.0,False,0,OnTrack,HARD
51.292,11210.390014797787,5220.560169880446,1383.9889596984008,11324.0,283.0,7,100.0,False,0,OnTrack,HARD
51.303,11204.0,5219.0,1384.0,11328.079095466666,283.0916650666667,7,100.0,False,0,OnTrack,HARD
51.503,11051.0,5182.0,1384.0,11402.245762133334,284.7583317333333,7,100.0,False,0,OnTrack,HARD
51.532,11021.807127452525,5175.012273599269,1383.9478605407996,11413.0,285.0,7,100.0,False,0,OnTrack,HARD
51.783,10740.0,5108.0,1383.0,11513.3999232,288.1374976,7,100.0,False,0,OnTrack,HARD
51.852,10685.462570591168,5095.0470478541165,1382.6744627188532,11541.0,289.0,7,100.0,False,0,OnTrack,HARD
52.172,10528.236587944208,5058.609014318016,1381.0525516442622,11660.0,291.0,7,100.0,False,0,OnTrack,HARD
52.183,10521.0,5057.0,1381.0,11662.658286933334,291.0916650666667,7,100.0,False,0,OnTrack,HARD
52.343,10394.0,5029.0,1380.0,11701.3249536,292.4249984,7,100.0,False,0,OnTrack,HARD
52.412,10329.977827108123,5014.851992140038,1379.032648117203,11718.0,293.0,7,100.0,False,0,OnTrack,HARD
52.663,10091.0,4962.0,1374.0,11191.946235733334,295.6145813333333,7,100.0,False,0,OnTrack,HARD
52.892,9947.758143815321,4931.133295237039,1371.6581865510582,10712.0,298.0,8,100.0,False,0,OnTrack,HARD
52.943,9914.0,4924.0,1371.0,10714.9749888,298.28333226666666,8,100.0,False,0,OnTrack,HARD
53.243,9670.0,4873.0,1365.0,10732.4749888,299.94999893333335,8,100.0,False,0,OnTrack,HARD
53.252,9662.501199485308,4871.4412371502185,1364.8097909410699,10733.0,300.0,8,100.0,False,0,OnTrack,HARD
53.443,9500.0,4838.0,1361.0,10744.596416914286,300.0,8,100.0,False,0,OnTrack,HARD
53.532,9411.659410788106,4820.357184811379,1359.4959820572337,10750.0,300.0,8,100.0,False,0,OnTrack,HARD
53.723,9220.0,4783.0,1357.0,10758.59499136,300.95499904,8,100.0,False,0,OnTrack,HARD
53.732,9212.505852019378,4781.566474826913,1356.911138810887,10759.0,301.0,8,100.0,False,0,OnTrack,HARD
54.022,9021.0,4746.0,1355.0,10759.9062496,303.7187488,8,100.0,False,0,OnTrack,HARD
54.052,8999.124367855957,4741.924008345113,1354.8037881812215,10760.0,304.0,8,100.0,False,0,OnTrack,HARD
54.252,8831.399767070756,4710.381348859684,1353.3857590758366,10808.0,305.0,8,100.0,False,0,OnTrack,HARD
54.362,8738.0,4693.0,1353.0,10825.6458128,305.4583328,8,100.0,False,0,OnTrack,HARD
54.422,8689.0,4684.0,1353.0,10835.2708128,305.7083328,8,100.0,False,0,OnTrack,HARD
54.582,8555.0,4660.0,1354.0,10860.937479466667,306.3749994666667,8,100.0,False,0,OnTrack,HARD
54.732,8384.996028556163,4630.814630847726,1354.6802570598436,10885.0,307.0,8,100.0,False,0,OnTrack,HARD
54.892,8181.593174263702,4596.633857846804,1354.9246018109575,10897.0,307.0,8,100.0,False,0,OnTrack,HARD
54.982,8100.0,4583.0,1355.0,10910.295435636364,307.40909032727274,8,100.0,False,0,OnTrack,HARD
55.302,7948.0,4558.0,1355.0,10957.56816290909,308.8636357818182,8,100.0,False,0,OnTrack,HARD
55.332,7926.890634242858,4554.508917027917,1354.981286303229,10962.0,309.0,8,100.0,False,0,OnTrack,HARD
55.462,7813.0,4536.0,1355.0,10977.92498432,309.32499968,8,100.0,False,0,OnTrack,HARD
55.732,7534.037591310185,4495.889731692189,1356.6879953483426,11011.0,310.0,8,100.0,False,0,OnTrack,HARD
55.782,7490.0,4490.0,1357.0,11016.113623272728,310.1136360727273,8,100.0,False,0,OnTrack,HARD
56.082,7284.0,4465.0,1358.0,11046.795441454546,310.79545425454546,8,100.0,False,0,OnTrack,HARD
56.172,7208.872013396,4456.215522695611,1357.9991126922716,11056.0,311.0,8,100.0,False,0,OnTrack,HARD
56.262,7129.0,4447.0,1358.0,11064.499987911111,311.2499996444445,8,100.0,False,0,OnTrack,HARD
56.532,6896.81726013411,4421.699049278341,1358.8389264085763,11090.0,312.0,8,100.0,False,0,OnTrack,HARD
56.562,6871.0,4419.0,1359.0,11095.02497856,312.07499968,8,100.0,False,0,OnTrack,HARD
56.742,6715.0,4403.0,1360.0,11125.17497856,312.52499968,8,100.0,False,0,OnTrack,HARD
56.932,6550.642256422896,4386.136544908016,1359.9284673847865,11157.0,313.0,8,100.0,False,0,OnTrack,HARD
57.002,6490.0,4380.0,1360.0,11163.1249888,313.2916661333333,8,100.0,False,0,OnTrack,HARD
57.172,6342.263204489081,4365.357922819523,1360.8283225162754,11178.0,314.0,8,100.0,False,0,OnTrack,HARD
57.223,6298.0,4361.0,1361.0,11165.50504704,314.0,8,99.74500096,False,0,OnTrack,HARD
57.372,6168.946894324321,4348.446511498977,1361.009168238414,11129.0,314.0,8,99.0,False,0,OnTrack,HARD
57.403,6142.0,4346.0,1361.0,11130.079595647234,313.69154410079017,8,99.15422794960492,False,0,OnTrack,HARD
57.483,6073.0,4340.0,1361.0,11132.865666186082,312.8955239468335,8,99.55223802658325,False,0,OnTrack,HARD
57.573,6001.791094934028,4333.398090105347,1360.8675089353446,11136.0,312.0,8,100.0,False,0,OnTrack,HARD
57.763,5839.0,4317.0,1360.0,11136.0,309.2857161142857,8,100.0,False,0,OnTrack,HARD
57.853,5727.449362803398,4306.002021048006,1359.2909589508106,11136.0,308.0,8,100.0,False,0,OnTrack,HARD
58.003,5534.0,4287.0,1358.0,10856.055999098651,305.07521193088144,8,58.217313298306266,False,0,OnTrack,HARD
58.212,5385.353742210626,4271.826710081317,1356.9428481049936,10466.0,301.0,8,0.0,False,0,OnTrack,HARD
58.412,5291.253361149861,4262.010660135491,1356.167289068548,10387.0,293.0,8,0.0,False,0,OnTrack,HARD
58.443,5271.0,4260.0,1356.0,10334.3003264,291.3531352,8,0.0,False,0,OnTrack,HARD
58.583,5159.0,4249.0,1355.0,10096.3003264,283.9156352,8,0.0,False,0,OnTrack,HARD
58.732,4994.574827688805,4232.260795378423,1352.9888667628657,9843.0,276.0,8,0.0,True,0,OnTrack,HARD
58.863,4853.0,4218.0,1351.0,9778.591761066667,258.5333589333333,8,0.0,True,0,OnTrack,HARD
59.092,4697.48195651735,4204.021727119018,1348.354377855137,9666.0,228.0,7,0.0,True,0,OnTrack,HARD
59.283,4622.0,4198.0,1347.0,9826.758171733334,206.2472440888889,7,0.0,True,0,OnTrack,HARD
59.452,4572.480166793519,4193.594709586647,1346.4556797817606,9969.0,187.0,7,0.0,True,0,OnTrack,HARD
59.563,4527.0,4189.0,1346.0,10298.6077632,181.7583424,7,0.0,True,0,OnTrack,HARD
59.812,4367.837569446336,4171.6997140009025,1344.0797010385595,11038.0,170.0,7,0.0,True,0,OnTrack,HARD
59.823,4362.0,4171.0,1344.0,10991.640392533332,168.99168426666665,7,0.0,True,0,OnTrack,HARD
60.203,4254.0,4150.0,1342.0,9390.098725866666,134.15835093333334,7,0.0,True,0,OnTrack,HARD
60.292,4230.169380169977,4141.551943797821,1341.5497585043477,9015.0,126.0,3,0.0,True,0,OnTrack,HARD
60.502,4162.0,4110.0,1340.0,8415.545819927273,117.88636858181818,3,0.0,True,0,OnTrack,HARD
60.722,4079.0,4054.0,1337.0,7787.5458199272725,109.38636858181818,3,0.0,True,0,OnTrack,HARD
60.732,4075.8637273516038,4051.4181046633053,1336.8767333920205,7759.0,109.0,3,0.0,True,0,OnTrack,HARD
61.062,4014.0,3978.0,1334.0,7333.30016512,101.57500288,3,0.0,True,0,OnTrack,HARD
61.132,4007.878206892152,3967.3069613164826,1333.5076352711694,7243.0,100.0,3,0.0,True,0,OnTrack,HARD
61.332,3998.9343296060247,3941.8086181139615,1332.2508935490505,6806.0,96.0,3,0.0,False,0,OnTrack,HARD
61.382,3997.0,3933.0,1332.0,6817.8749696,95.0625024,3,0.0,False,0,OnTrack,HARD
61.492,3992.546162130716,3908.854884010547,1331.5477597565857,6844.0,93.0,3,0.0,False,0,OnTrack,HARD
61.732,3985.8123209350597,3842.7841702131673,1331.0234946514097,6701.0,92.0,3,7.0,False,0,OnTrack,HARD
61.762,3986.0,3835.0,1331.0,6679.7858048,91.6785728,3,9.4642752,False,0,OnTrack,HARD
61.942,3992.0,3791.0,1331.0,6552.500090514286,89.75000137142857,3,24.249989485714284,False,0,OnTrack,HARD
62.012,3995.931380367676,3773.9971766406734,1330.995594727936,6503.0,89.0,3,30.0,False,0,OnTrack,HARD
62.102,4002.0,3752.0,1331.0,6663.392629028572,89.96428434285714,3,33.535709257142855,False,0,OnTrack,HARD
62.282,4017.0,3708.0,1331.0,6984.1783433142855,91.89285577142857,3,40.607137828571425,False,0,OnTrack,HARD
62.292,4017.948804081704,3705.5873055273096,1330.9757003323239,7002.0,92.0,3,41.0,False,0,OnTrack,HARD
62.492,4039.414852786916,3658.0987228736376,1330.0603117429991,7367.0,95.0,3,49.0,False,0,OnTrack,HARD
62.522,4043.0,3651.0,1330.0,7405.571264,95.6428544,3,49.8571392,False,0,OnTrack,HARD
62.602,4053.0,3632.0,1330.0,7508.428406857143,97.35714011428571,3,52.142853485714284,False,0,OnTrack,HARD
62.772,4076.388044168447,3590.523197266205,1330.221151946938,7727.0,101.0,3,57.0,False,0,OnTrack,HARD
62.962,4104.0,3546.0,1330.0,8296.999616000001,106.69999616,3,63.64999552,False,0,OnTrack,HARD
62.972,4105.432612426863,3543.83113196664,1329.9511540856943,8327.0,107.0,3,64.0,False,0,OnTrack,HARD
63.132,4132.441570478144,3506.264683645997,1329.017794359885,8860.0,110.0,3,72.0,False,0,OnTrack,HARD
63.142,4135.0,3503.0,1329.0,8892.055145244445,110.47221617777778,3,72.33332906666666,False,0,OnTrack,HARD
63.382,4215.0,3406.0,1330.0,9661.388478577777,121.80554951111111,3,80.33332906666666,False,0,OnTrack,HARD
63.492,4229.343339852383,3389.3648369575576,1330.1331599702887,10014.0,127.0,3,84.0,False,0,OnTrack,HARD
63.622,4239.0,3380.0,1330.0,10227.28104,133.093744,3,90.093744,False,0,OnTrack,HARD
63.812,4281.609391691004,3337.415615516717,1329.8417224289565,10539.0,142.0,3,99.0,False,0,OnTrack,HARD
63.983,4340.0,3280.0,1330.0,11491.835054435041,151.35820142748702,3,99.0,False,0,OnTrack,HARD
64.013,4351.396644075421,3268.990520929459,1330.080284212787,11659.0,153.0,3,99.0,False,0,OnTrack,HARD
64.203,4428.0,3196.0,1331.0,10861.0005376,160.59999488,3,99.0,False,0,OnTrack,HARD
64.213,4431.924091220321,3192.2913793779007,1331.0723145427573,10819.0,161.0,3,99.0,False,0,OnTrack,HARD
64.373,4491.8940852200885,3135.9855060369105,1332.572348870071,10405.0,166.0,4,100.0,False,0,OnTrack,HARD
64.583,4560.0,3072.0,1335.0,11030.694288226801,175.56719095148014,4,100.0,False,0,OnTrack,HARD
64.812,4622.536264059311,3011.3255214825244,1337.5921365210274,11713.0,186.0,4,100.0,False,0,OnTrack,HARD
64.843,4633.0,3001.0,1338.0,11631.08300736,186.69749568,4,100.0,False,0,OnTrack,HARD
65.103,4741.0,2892.0,1342.0,10944.03300736,192.54749568,4,100.0,False,0,OnTrack,HARD
65.212,4781.066928187258,2848.198336067111,1343.667293683531,10656.0,195.0,5,100.0,False,0,OnTrack,HARD
65.303,4812.0,2812.0,1345.0,10402.6224096,192.156256,5,71.56255999999999,False,0,OnTrack,HARD
65.532,4885.483255315412,2715.8753216329183,1348.1925205243363,9765.0,185.0,5,0.0,True,0,OnTrack,HARD
65.583,4900.0,2695.0,1349.0,9907.1619648,179.5812704,5,0.3187488,True,0,OnTrack,HARD
65.643,4916.0,2671.0,1350.0,10074.4119648,173.2062704,5,0.6937487999999999,True,0,OnTrack,HARD
65.692,4928.31579287149,2651.603131312052,1350.7442138633082,10211.0,168.0,5,1.0,True,0,OnTrack,HARD
65.852,4963.647422594655,2589.363274983286,1352.5925025022013,10855.0,159.0,5,0.0,True,0,OnTrack,HARD
65.903,4973.0,2570.0,1353.0,10654.985128,154.6968912,5,0.0,True,0,OnTrack,HARD
66.143,5005.0,2482.0,1354.0,9713.735128,134.4468912,5,0.0,True,0,OnTrack,HARD
66.172,5007.855227861233,2471.6487565347506,1354.0955982043638,9600.0,132.0,3,0.0,True,0,OnTrack,HARD
66.372,5022.5201685310985,2400.8093387512354,1354.7970623384433,9195.0,125.0,3,0.0,True,0,OnTrack,HARD
66.423,5025.0,2382.0,1355.0,9017.4569184,125.0,3,0.0,True,0,OnTrack,HARD
66.532,5028.6672325709515,2340.2673721996725,1355.473577292706,8638.0,125.0,3,0.0,True,0,OnTrack,HARD
66.643,5029.0,2297.0,1356.0,8396.02041856,118.34001152,3,0.0,True,0,OnTrack,HARD
66.732,5025.9594894781585,2262.768537738744,1356.4456411401666,8202.0,113.0,3,0.0,True,0,OnTrack,HARD
66.972,5005.394360500202,2175.695567489667,1357.6596953703067,7770.0,104.0,3,0.0,True,0,OnTrack,HARD
67.063,4996.0,2149.0,1358.0,7569.8004224,102.48333653333333,3,0.0,True,0,OnTrack,HARD
67.212,4979.795236509742,2114.278275693323,1358.3718239412435,7242.0,100.0,3,0.0,True,0,OnTrack,HARD
67.422,4956.0,2078.0,1359.0,7075.166768355555,97.08333511111111,3,0.5833329777777778,True,0,OnTrack,HARD
67.572,4939.049106209434,2055.2451781614805,1359.988076042402,6956.0,95.0,3,1.0,False,0,OnTrack,HARD
67.722,4919.0,2032.0,1361.0,6986.74997376,92.75000192,3,20.49998336,False,0,OnTrack,HARD
67.772,4910.9284997157,2023.4727884429617,1361.2461336071963,6997.0,92.0,3,27.0,False,0,OnTrack,HARD
67.982,4871.0,1987.0,1362.0,7059.124962133334,93.74999893333333,3,33.999995733333336,False,0,OnTrack,HARD
68.012,4864.873678307054,1982.5654337112492,1362.1231039531258,7068.0,94.0,3,35.0,False,0,OnTrack,HARD
68.242,4814.0,1956.0,1363.0,7239.5415712,95.9166656,3,38.8333312,False,0,OnTrack,HARD
68.252,4811.547845597998,1955.0956137608048,1363.0131450133588,7247.0,96.0,3,39.0,False,0,OnTrack,HARD
68.402,4773.0,1944.0,1363.0,7412.9373584,96.0,3,42.7499968,False,0,OnTrack,HARD
68.412,4770.433846999943,1943.4414292204835,1363.0002919686713,7424.0,96.0,3,43.0,False,0,OnTrack,HARD
68.652,4707.25733925935,1936.1967731856303,1363.1300372655714,7592.0,100.0,3,46.0,False,0,OnTrack,HARD
68.722,4683.0,1935.0,1363.0,7708.228954133333,101.16666453333333,3,47.45833066666667,False,0,OnTrack,HARD
68.942,4589.0,1933.0,1362.0,8073.5206208,104.8333312,3,52.041664,False,0,OnTrack,HARD
69.132,4519.597817692902,1938.3900249740032,1361.449415310557,8389.0,108.0,3,56.0,False,0,OnTrack,HARD
69.332,4466.112329786286,1947.5879807166848,1361.028036456284,8730.0,111.0,3,61.0,False,0,OnTrack,HARD
69.342,4464.0,1948.0,1361.0,8751.9997184,111.34999552,3,61.39999488,False,0,OnTrack,HARD
69.532,4433.9230756608995,1955.0039163514439,1360.3386264554683,9170.0,118.0,3,69.0,False,0,OnTrack,HARD
69.692,4391.1396209623745,1974.8915442956177,1359.1110286627643,9722.0,124.0,3,72.0,False,0,OnTrack,HARD
69.702,4387.0,1977.0,1359.0,9737.5623008,124.4374944,3,72.0,False,0,OnTrack,HARD
69.852,4307.081778742309,2019.3720549605528,1356.91155957172,9971.0,131.0,3,72.0,False,0,OnTrack,HARD
69.922,4274.0,2038.0,1356.0,10152.9996672,132.7499968,3,73.99999634285714,False,0,OnTrack,HARD
70.132,4228.961550543994,2069.964648045718,1354.3202227705756,10699.0,138.0,3,80.0,False,0,OnTrack,HARD
70.303,4202.0,2099.0,1353.0,11323.7600128,145.3285632,3,84.2749952,False,0,OnTrack,HARD
70.412,4169.7729530258275,2130.372025944072,1351.7509817822158,11722.0,150.0,3,87.0,False,0,OnTrack,HARD
70.483,4147.0,2153.0,1351.0,11474.384954849242,153.03202096102967,3,90.28468937444883,False,0,OnTrack,HARD
70.623,4105.0,2198.0,1350.0,10986.128615886944,159.01067000954762,3,96.76155917700991,False,0,OnTrack,HARD
70.693,4084.5026747595784,2221.9096805562986,1349.6377579626378,10742.0,162.0,4,100.0,False,0,OnTrack,HARD
70.863,4039.0,2281.0,1349.0,10803.6249536,168.3749952,4,100.0,False,0,OnTrack,HARD
70.933,4024.4399433334474,2303.20132934122,1348.789169633807,10829.0,171.0,4,100.0,False,0,OnTrack,HARD
71.123,3991.0,2364.0,1348.0,11396.14961792,176.69999616,4,100.0,False,0,OnTrack,HARD
71.133,3989.0233879714146,2367.7273555125025,1347.9260595021115,11426.0,177.0,4,100.0,False,0,OnTrack,HARD
71.323,3945.0,2451.0,1346.0,11820.2497344,184.59999488,4,100.0,False,0,OnTrack,HARD
71.333,3942.2509635759698,2456.1239511996678,1345.8889974421859,11841.0,185.0,4,100.0,False,0,OnTrack,HARD
71.603,3860.0,2608.0,1343.0,10967.12964699535,193.70967129240515,4,100.0,False,0,OnTrack,HARD
71.612,3857.6339413796586,2612.4667527595147,1342.9203934327559,10938.0,194.0,4,100.0,False,0,OnTrack,HARD
71.772,3822.591266826939,2680.6009989169074,1341.7461178581436,10530.0,201.0,5,100.0,False,0,OnTrack,HARD
71.923,3792.0,2736.0,1341.0,10786.070507733333,203.51666346666667,5,100.0,False,0,OnTrack,HARD
72.012,3771.3409142716273,2768.732761845239,1340.7031527083961,10937.0,205.0,5,100.0,False,0,OnTrack,HARD
72.212,3694.9845801409156,2863.4825546221005,1340.0596429622651,10517.0,209.0,5,18.0,True,0,OnTrack,HARD
72.223,3688.0,2871.0,1340.0,10530.841425066666,208.14445937777776,5,17.4500096,True,0,OnTrack,HARD
72.383,3571.0,2991.0,1339.0,10732.1747584,195.70001493333334,5,9.4500096,True,0,OnTrack,HARD
72.572,3527.748394076283,3033.536103278515,1338.8091583434386,10970.0,181.0,5,0.0,True,0,OnTrack,HARD
72.683,3511.0,3044.0,1339.0,10723.58042624,172.12001536,5,0.0,True,0,OnTrack,HARD
72.772,3483.4113020639106,3061.8121996315504,1339.19953872353,10526.0,165.0,4,0.0,True,0,OnTrack,HARD
72.932,3406.2445864025676,3111.6842153389352,1339.6487894589116,11282.0,165.0,4,0.0,True,0,OnTrack,HARD
73.063,3348.0,3145.0,1340.0,10557.134395733334,148.07919146666666,4,0.0,True,0,OnTrack,HARD
73.172,3309.712518814581,3162.2301977356938,1340.258448587786,9954.0,134.0,3,0.0,True,0,OnTrack,HARD
73.403,3244.0,3178.0,1341.0,9026.700770742857,120.80001097142858,3,0.0,True,0,OnTrack,HARD
73.452,3228.63177996723,3180.6532226189192,1341.2716870962263,8830.0,118.0,3,0.0,True,0,OnTrack,HARD
73.583,3186.0,3186.0,1342.0,8381.3256576,113.906256,3,0.0,True,0,OnTrack,HARD
73.612,3176.7931732634406,3186.489393657869,1342.0927938108175,8282.0,113.0,3,0.0,True,0,OnTrack,HARD
73.802,3119.0,3184.0,1342.0,7601.167125333333,104.29167253333333,3,0.0,True,0,OnTrack,HARD
73.852,3104.3999394491307,3182.253988195868,1341.772839823957,7422.0,102.0,3,0.0,True,0,OnTrack,HARD
74.002,3063.0,3175.0,1341.0,7142.000238933333,98.66666951111111,3,0.0,True,0,OnTrack,HARD
74.162,3022.0,3163.0,1341.0,6843.333572266667,95.11111395555555,3,0.0,True,0,OnTrack,HARD
74.212,3005.7729565457284,3156.0844169533766,1340.875451873547,6750.0,94.0,3,0.0,True,0,OnTrack,HARD
74.372,2946.3848811699786,3125.558302238312,1340.088021677466,6378.0,90.0,3,0.0,True,0,OnTrack,HARD
74.402,2937.0,3120.0,1340.0,6354.519330953846,89.48077144615385,3,0.0,True,0,OnTrack,HARD
74.862,2871.0,3056.0,1341.0,5994.480869415384,81.51923298461539,3,0.0,True,0,OnTrack,HARD
74.892,2868.314885297236,3052.877129033159,1341.0198188718455,5971.0,81.0,3,0.0,True,0,OnTrack,HARD
75.092,2850.8067728933197,3033.1242431759983,1340.7996939783377,5867.0,80.0,3,0.0,False,0,OnTrack,HARD
75.222,2841.0,3003.0,1341.0,5797.1250688,79.1875008,3,0.0,False,0,OnTrack,HARD
75.252,2838.989096556117,2992.961281859367,1341.1270254390722,5781.0,79.0,3,0.0,False,0,OnTrack,HARD
75.402,2831.0,2936.0,1342.0,5676.0000896,78.25000064,3,13.499988479999999,False,0,OnTrack,HARD
75.452,2829.5649787958337,2922.093412838173,1342.2239528000043,5641.0,78.0,3,18.0,False,0,OnTrack,HARD
75.692,2831.670397889162,2894.440018810136,1342.7046297758561,5955.0,79.0,3,36.0,False,0,OnTrack,HARD
75.822,2838.0,2873.0,1343.0,6182.035490742857,80.39285577142857,3,38.78571154285714,False,0,OnTrack,HARD
75.972,2849.356337736033,2829.3597680188677,1343.5500091624813,6444.0,82.0,3,42.0,False,0,OnTrack,HARD
76.082,2858.0,2798.0,1344.0,6595.79982336,84.19999744,3,45.84999552,False,0,OnTrack,HARD
76.172,2864.0743607421746,2779.3619297211767,1344.3506409308977,6720.0,86.0,3,49.0,False,0,OnTrack,HARD
76.332,2874.3905325770893,2756.310937192824,1344.8796571459056,6851.0,88.0,3,53.0,False,0,OnTrack,HARD
76.402,2881.0,2743.0,1345.0,7046.610753422222,90.33332906666666,3,55.13888497777778,False,0,OnTrack,HARD
76.622,2907.0,2693.0,1345.0,7661.3885312,97.6666624,3,61.8611072,False,0,OnTrack,HARD
76.692,2911.8353067954095,2685.327225473674,1345.004745399241,7857.0,100.0,3,64.0,False,0,OnTrack,HARD
76.782,2918.0,2677.0,1345.0,8105.9996458666665,102.62499626666667,3,66.99999573333334,False,0,OnTrack,HARD
76.932,2938.9652415266364,2646.3478852027074,1344.8369085456584,8521.0,107.0,3,72.0,False,0,OnTrack,HARD
77.083,2967.0,2605.0,1345.0,8977.7744192,113.03999232,3,75.01999616,False,0,OnTrack,HARD
77.132,2976.141237160072,2591.686930418534,1345.2373407166233,9126.0,115.0,3,76.0,False,0,OnTrack,HARD
77.263,3001.0,2556.0,1346.0,9382.13403451034,120.21392436662268,3,80.56218382079484,False,0,OnTrack,HARD
77.333,3014.8579825999923,2536.517033767521,1346.1591014273142,9519.0,123.0,3,83.0,False,0,OnTrack,HARD
77.523,3055.0,2482.0,1346.0,10225.957857066667,134.874992,3,93.29165973333333,False,0,OnTrack,HARD
77.573,3066.3370199592114,2467.236555094464,1345.9807261608375,10412.0,138.0,3,96.0,False,0,OnTrack,HARD
77.743,3107.0,2415.0,1346.0,11053.1423744,148.3214208,3,97.8214272,False,0,OnTrack,HARD
77.843,3132.0,2382.0,1346.0,11430.285231542857,154.39284937142858,3,98.89285577142857,False,0,OnTrack,HARD
77.853,3134.5514372020716,2378.655948880362,1345.9998773623188,11468.0,155.0,3,99.0,False,0,OnTrack,HARD
78.093,3198.6464744943205,2296.6226405970256,1346.0005648773556,10521.0,163.0,3,99.0,False,0,OnTrack,HARD
78.123,3207.0,2286.0,1346.0,10588.358176057087,163.75471345722227,3,99.0,False,0,OnTrack,HARD
78.252,3243.8232749800836,2239.333085802987,1345.9973472341592,10878.0,167.0,3,99.0,False,0,OnTrack,HARD
78.283,3253.0,2228.0,1346.0,10942.16960256,169.16998656,3,99.15499904,False,0,OnTrack,HARD
78.452,3305.2800899012664,2165.668601683459,1346.0184520814219,11292.0,181.0,4,100.0,False,0,OnTrack,HARD
78.483,3315.0,2154.0,1346.0,11373.374496,181.0,4,100.0,False,0,OnTrack,HARD
78.612,3355.4222540506776,2104.388001585511,1345.8421823862045,11712.0,181.0,4,100.0,False,0,OnTrack,HARD
78.683,3378.0,2076.0,1346.0,11380.667562666667,184.25415786666667,4,100.0,False,0,OnTrack,HARD
78.823,3423.0,2018.0,1347.0,10727.334229333333,190.67082453333333,4,100.0,False,0,OnTrack,HARD
78.852,3431.9646886163696,2006.1080887961798,1347.1684400199943,10592.0,192.0,4,100.0,False,0,OnTrack,HARD
79.023,3485.0,1930.0,1348.0,10567.7750272,195.562496,4,100.0,False,0,OnTrack,HARD
79.092,3510.039784142091,1888.7422751556692,1348.7037317660859,10558.0,197.0,5,100.0,False,0,OnTrack,HARD
79.252,3575.7037305367176,1770.3419543223206,1351.2395685797078,10780.0,205.0,5,100.0,False,0,OnTrack,HARD
79.383,3615.0,1694.0,1353.0,10956.8497408,205.72777671111112,5,100.0,False,0,OnTrack,HARD
79.612,3640.310689399312,1628.0318683344929,1354.5995379916908,11266.0,207.0,5,100.0,False,0,OnTrack,HARD
79.663,3646.0,1609.0,1355.0,11320.8247936,208.2749952,5,100.0,False,0,OnTrack,HARD
79.863,3679.0,1491.0,1357.0,11535.8247936,213.2749952,5,100.0,False,0,OnTrack,HARD
79.892,3684.004701251224,1468.418587567562,1357.244237544702,11567.0,214.0,5,100.0,False,0,OnTrack,HARD
80.092,3716.0983583113675,1283.381454885031,1358.4053070525022,11459.0,217.0,5,100.0,False,0,OnTrack,HARD
80.203,3727.0,1205.0,1359.0,11060.09444,218.734372,5,100.0,False,0,OnTrack,HARD
80.412,3730.3819884460327,1140.9021390577889,1360.3983241570184,10309.0,222.0,6,100.0,False,0,OnTrack,HARD
80.482,3730.0,1117.0,1361.0,10343.999936,222.58333226666667,6,100.0,False,0,OnTrack,HARD
80.652,3729.2917323744987,1023.02747873557,1362.8056279870298,10429.0,224.0,6,100.0,False,0,OnTrack,HARD
80.742,3723.0,958.0,1364.0,10507.374888533333,225.49999786666666,6,100.0,False,0,OnTrack,HARD
80.892,3697.4723344250656,832.0677148870442,1366.387663661393,10638.0,228.0,6,100.0,False,0,OnTrack,HARD
81.002,3675.0,747.0,1368.0,10645.7916576,229.3749984,6,100.0,False,0,OnTrack,HARD
81.132,3651.3238191656797,672.4721041746257,1369.3679330131122,10655.0,231.0,6,100.0,False,0,OnTrack,HARD
81.292,3622.988564534692,607.6947106688314,1370.428889281058,10724.0,234.0,6,100.0,False,0,OnTrack,HARD
81.382,3602.0,566.0,1371.0,10766.7499392,234.5624992,6,100.0,False,0,OnTrack,HARD
81.612,3530.0753371294313,439.4035714027175,1372.6755700690533,10876.0,236.0,6,100.0,False,0,OnTrack,HARD
81.642,3519.0,423.0,1373.0,10885.6562088,236.1874992,6,100.0,False,0,OnTrack,HARD
81.862,3424.0,308.0,1376.0,10956.4687088,237.5624992,6,100.0,False,0,OnTrack,HARD
81.932,3386.0391911228935,270.26584668518103,1376.777523263518,10979.0,238.0,6,100.0,False,0,OnTrack,HARD
82.062,3310.0,204.0,1378.0,11010.571397485714,238.46428525714285,6,100.0,False,0,OnTrack,HARD
82.212,3226.8405149494674,149.9459062062831,1379.4803530562474,11047.0,239.0,6,100.0,False,0,OnTrack,HARD
82.422,3120.0,98.0,1381.0,11109.9999616,241.24999862857143,6,100.0,False,0,OnTrack,HARD
82.492,3086.9792786919593,80.83961150041559,1381.1241248727547,11131.0,242.0,6,100.0,False,0,OnTrack,HARD
82.662,3003.0,39.0,1381.0,11186.722180266666,243.4166656,6,100.0,False,0,OnTrack,HARD
82.822,2902.0,0.0,1381.0,11239.166624711112,244.74999893333333,6,100.0,False,0,OnTrack,HARD
82.852,2882.45862190568,-6.733620064085574,1380.9115537072582,11249.0,245.0,6,100.0,False,0,OnTrack,HARD
83.002,2785.0,-37.0,1380.0,11326.343684,245.9374992,6,100.0,False,0,OnTrack,HARD
83.172,2675.3323924215474,-64.4492207734086,1378.499096558977,11414.0,247.0,6,100.0,False,0,OnTrack,HARD
83.222,2642.0,-70.0,1378.0,11431.8124544,247.0,6,100.0,False,0,OnTrack,HARD
83.332,2565.936608305242,-77.23661209229134,1376.8303131883877,11471.0,247.0,6,100.0,False,0,OnTrack,HARD
83.403,2516.0,-79.0,1376.0,11482.71496832,248.41999616,6,100.0,False,0,OnTrack,HARD
83.532,2425.2532322186407,-77.4348653941087,1374.307574439728,11504.0,251.0,6,100.0,False,0,OnTrack,HARD
83.623,2361.0,-73.0,1373.0,11541.12431160177,251.45273550733867,6,100.0,False,0,OnTrack,HARD
83.733,2282.902181263056,-64.28791860500957,1371.319596579984,11586.0,252.0,6,100.0,False,0,OnTrack,HARD
83.823,2221.0,-56.0,1370.0,11627.6249408,252.74999893333333,6,100.0,False,0,OnTrack,HARD
83.973,2124.4884705753643,-41.903238451853774,1368.0638598622056,11697.0,254.0,6,100.0,False,0,OnTrack,HARD
84.063,2053.0,-25.0,1366.0,11697.0,255.6874976,6,100.0,False,0,OnTrack,HARD
84.133,1984.0150812010668,-4.489087822430598,1363.5445870910235,11697.0,257.0,6,100.0,False,0,OnTrack,HARD
84.283,1823.0,52.0,1357.0,11200.50042368,258.12499904,6,100.0,False,0,OnTrack,HARD
84.533,1645.1595926217785,138.07895259576046,1348.3230301802275,10373.0,260.0,7,100.0,False,0,OnTrack,HARD
84.703,1566.0,186.0,1344.0,10559.2915264,262.1249984,7,100.0,False,0,OnTrack,HARD
84.773,1538.504738065033,202.63775903706411,1342.5546623469331,10636.0,263.0,7,100.0,False,0,OnTrack,HARD
84.963,1466.0,252.0,1339.0,10696.156687216213,265.38244305806785,7,100.0,False,0,OnTrack,HARD
85.092,1399.7857418951303,308.40066895524063,1335.99587285929,10737.0,267.0,7,100.0,False,0,OnTrack,HARD
85.323,1274.0,431.0,1330.0,10813.999936,267.9624992,7,100.0,False,0,OnTrack,HARD
85.332,1270.0715171508507,435.2659229259814,1329.7788273337192,10817.0,268.0,7,100.0,False,0,OnTrack,HARD
85.492,1204.136874630921,515.5648886624847,1325.7699712715787,10877.0,270.0,7,100.0,False,0,OnTrack,HARD
85.543,1168.0,564.0,1324.0,10874.19501056,270.25499904,7,100.0,False,0,OnTrack,HARD
85.663,1053.0,722.0,1319.0,10867.59501056,270.85499904,7,100.0,False,0,OnTrack,HARD
85.692,1030.6727471727281,753.8632321387278,1318.0424376123542,10866.0,271.0,7,100.0,False,0,OnTrack,HARD
85.932,971.2470588839302,864.1162560856078,1315.4315914596907,10897.0,272.0,7,100.0,False,0,OnTrack,HARD
86.063,953.0,908.0,1315.0,10941.2124352,272.8187488,7,100.0,False,0,OnTrack,HARD
86.092,946.1106263377833,921.3621260675086,1314.8416254601975,10951.0,273.0,7,100.0,False,0,OnTrack,HARD
86.363,838.0,1106.0,1313.0,10980.035693714286,273.96785645714283,7,99.03214354285714,False,0,OnTrack,HARD
86.372,833.4224536793495,1113.73921691341,1312.9715337801863,10981.0,274.0,7,99.0,False,0,OnTrack,HARD
86.583,721.0,1302.0,1313.0,10989.289278171429,274.75357074285716,7,99.75357074285715,False,0,OnTrack,HARD
86.652,691.7069248540852,1347.2801034639924,1313.1173069505455,10992.0,275.0,7,100.0,False,0,OnTrack,HARD
86.932,598.1224192620915,1466.0574235271374,1313.9541130868301,10772.0,266.0,7,3.0,True,0,OnTrack,HARD
86.942,594.0,1471.0,1314.0,10769.7187792,264.9687632,7,3.0937488,True,0,OnTrack,HARD
87.122,510.0,1570.0,1315.0,10728.6562792,246.4062632,7,4.7812488,True,0,OnTrack,HARD
87.252,450.5188465480831,1633.3219802392703,1315.7968974826122,10699.0,233.0,7,6.0,True,0,OnTrack,HARD
87.302,427.0,1656.0,1316.0,10865.0412416,231.7500032,7,6.2083328,True,0,OnTrack,HARD
87.482,337.0,1732.0,1316.0,11462.7912416,227.2500032,7,6.9583328,True,0,OnTrack,HARD
87.492,331.9899431270418,1735.8188446576387,1315.9721086217573,11496.0,227.0,6,7.0,True,0,OnTrack,HARD
87.662,247.0,1794.0,1315.0,11170.45024512,215.95000832,6,8.69999872,True,0,OnTrack,HARD
87.692,231.53579583208477,1803.2420601956303,1314.6956171792474,11113.0,214.0,5,9.0,True,0,OnTrack,HARD
87.962,92.0,1872.0,1311.0,10912.428666514286,205.32143268571429,5,25.39284937142857,True,0,OnTrack,HARD
87.972,87.3660761698674,1873.9188196823172,1310.8962789920947,10905.0,205.0,5,26.0,False,0,OnTrack,HARD
88.142,-2.0,1899.0,1309.0,10686.55016448,204.15000064,5,36.19999232,False,0,OnTrack,HARD
88.172,-27.371157130686107,1901.878649878874,1308.3334974551676,10648.0,204.0,5,38.0,False,0,OnTrack,HARD
88.322,-179.0,1910.0,1304.0,10542.46437577143,200.2500032,5,44.96427977142857,False,0,OnTrack,HARD
88.452,-260.778491119594,1910.7890839346335,1301.5609627220365,10451.0,197.0,5,51.0,False,0,OnTrack,HARD
88.612,-295.3998060109206,1904.347699592678,1300.2993620244179,10545.0,198.0,5,63.0,False,0,OnTrack,HARD
88.762,-345.0,1892.0,1298.0,10673.62489024,199.12499904,5,76.87498816,False,0,OnTrack,HARD
88.922,-430.0,1872.0,1294.0,10810.82489024,200.32499904,5,91.67498816,False,0,OnTrack,HARD
89.012,-477.2656377661881,1856.736354996287,1291.8611667284692,10888.0,201.0,5,100.0,False,0,OnTrack,HARD
89.182,-567.0,1819.0,1288.0,11083.4998528,207.3749952,5,100.0,False,0,OnTrack,HARD
89.252,-608.8417804312191,1799.7226660256229,1286.2486498492565,11164.0,210.0,5,100.0,False,0,OnTrack,HARD
89.452,-733.4082617993693,1739.6884796606523,1281.2146780300523,11454.0,212.0,5,100.0,False,0,OnTrack,HARD
89.462,-739.0,1737.0,1281.0,11468.19981824,212.39999488,5,100.0,False,0,OnTrack,HARD
89.652,-830.7280560708167,1693.419141708869,1277.7288178878387,11738.0,220.0,5,100.0,False,0,OnTrack,HARD
89.822,-915.0,1654.0,1275.0,11267.409445236364,224.2499968,5,100.0,False,0,OnTrack,HARD
90.083,-1075.0,1579.0,1270.0,10544.914167854546,230.7749952,5,100.0,False,0,OnTrack,HARD
90.092,-1079.797243736099,1576.7154363060206,1269.8671645077957,10520.0,231.0,6,100.0,False,0,OnTrack,HARD
90.443,-1276.0,1486.0,1267.0,10817.523435704987,237.80609166645394,6,100.0,False,0,OnTrack,HARD
90.453,-1286.1450554596452,1481.653312031383,1266.9314397034868,10826.0,238.0,6,100.0,False,0,OnTrack,HARD
90.603,-1461.0,1408.0,1266.0,10974.5936232,240.8124976,6,100.0,False,0,OnTrack,HARD
90.773,-1600.8506849714713,1350.4061185379069,1266.0662643443645,11143.0,244.0,6,100.0,False,0,OnTrack,HARD
90.973,-1684.5792616846345,1317.8091870074363,1267.3987230338803,11201.0,246.0,6,100.0,False,0,OnTrack,HARD
91.103,-1740.0,1296.0,1268.0,11268.8436832,247.2187488,6,89.0312608,False,0,OnTrack,HARD
91.293,-1831.6935757126635,1259.1698322967034,1268.3110164361574,11368.0,249.0,6,73.0,False,0,OnTrack,HARD
91.523,-1954.0,1208.0,1270.0,11038.275925609876,224.78949104128463,6,30.919829666994737,False,0,OnTrack,HARD
91.623,-2011.0,1183.0,1272.0,10894.917552614728,214.2631769402423,6,12.624093253278268,False,0,OnTrack,HARD
91.692,-2059.8137155903196,1161.083511838522,1273.560176340042,10796.0,207.0,6,0.0,True,0,OnTrack,HARD
91.852,-2189.0903245027266,1101.9336766046815,1277.1850082029641,10096.0,184.0,6,0.0,True,0,OnTrack,HARD
91.903,-2219.0,1088.0,1278.0,10452.998656,179.66501632,6,0.0,True,0,OnTrack,HARD
92.052,-2264.6577026693194,1065.717915121194,1279.2151527525068,11496.0,167.0,6,0.0,True,0,OnTrack,HARD
92.223,-2290.0,1049.0,1280.0,10839.2538624,157.3812608,6,0.0,True,0,OnTrack,HARD
92.372,-2337.1432818388935,1017.6252711024495,1281.6532292448537,10267.0,149.0,4,0.0,True,0,OnTrack,HARD
92.483,-2375.0,990.0,1283.0,9962.7911512,141.0218888,4,0.0,True,0,OnTrack,HARD
92.692,-2431.3487946626983,938.7151506087649,1284.9232011522886,9390.0,126.0,3,0.0,True,0,OnTrack,HARD
92.703,-2434.0,936.0,1285.0,9345.4507776,125.5187584,3,0.0,True,0,OnTrack,HARD
92.852,-2467.6972717484828,898.7944849185865,1285.9165551849626,8742.0,119.0,3,0.0,True,0,OnTrack,HARD
92.863,-2470.0,896.0,1286.0,8719.67038976,118.67000576,3,0.0,True,0,OnTrack,HARD
93.052,-2505.223005571947,846.9026619902148,1287.8866492786606,8336.0,113.0,3,0.0,True,0,OnTrack,HARD
93.063,-2507.0,844.0,1288.0,8320.835978971429,112.88214491428572,3,0.0,True,0,OnTrack,HARD
93.283,-2536.0,785.0,1290.0,8017.550264685714,110.52500205714286,3,0.0,True,0,OnTrack,HARD
93.332,-2540.7631153062175,771.5479825733571,1290.3252180163222,7950.0,110.0,3,0.0,True,0,OnTrack,HARD
93.443,-2549.0,741.0,1291.0,7791.8252736,105.56000768,3,0.0,True,0,OnTrack,HARD
93.532,-2552.6011436978897,717.0553811184874,1291.68673827793,7665.0,102.0,3,0.0,True,0,OnTrack,HARD
93.662,-2553.0,681.0,1293.0,7497.6251648,100.3750016,3,0.8124992,True,0,OnTrack,HARD
93.692,-2552.2710695698297,672.0432340599567,1293.367211342462,7459.0,100.0,3,1.0,True,0,OnTrack,HARD
93.962,-2536.0,590.0,1297.0,7405.0000256,97.10714422857143,3,24.142846171428573,True,0,OnTrack,HARD
93.972,-2535.335899886687,587.5458125152938,1297.0954701062444,7403.0,97.0,3,25.0,False,0,OnTrack,HARD
94.292,-2504.9355681648194,519.1765498094708,1298.9200432983203,7370.0,96.0,3,37.0,False,0,OnTrack,HARD
94.302,-2503.0,516.0,1299.0,7374.5624416,96.1874976,3,37.1874976,False,0,OnTrack,HARD
94.452,-2466.265166500557,458.86560590225974,1300.5116085937095,7443.0,99.0,3,40.0,False,0,OnTrack,HARD
94.502,-2455.0,442.0,1301.0,7502.9998464,99.0,3,42.499993599999996,False,0,OnTrack,HARD
94.612,-2436.309284787465,415.1256541157339,1301.8953949699976,7635.0,99.0,3,48.0,False,0,OnTrack,HARD
94.902,-2406.0,380.0,1303.0,8129.8122816,103.531248,3,58.8749952,False,0,OnTrack,HARD
94.932,-2401.5460314861616,375.0022040509347,1303.000002981398,8181.0,104.0,3,60.0,False,0,OnTrack,HARD
95.062,-2379.0,350.0,1303.0,8554.285346742858,108.17856731428571,3,65.10713782857142,False,0,OnTrack,HARD
95.212,-2349.121422477206,319.05790917161534,1303.8586390547925,8985.0,113.0,3,71.0,False,0,OnTrack,HARD
95.242,-2343.0,313.0,1304.0,9054.64256,113.8571392,3,71.7499968,False,0,OnTrack,HARD
95.492,-2285.906664917059,261.5329317452392,1304.0383390618704,9635.0,121.0,3,78.0,False,0,OnTrack,HARD
95.542,-2268.0,247.0,1304.0,9863.7494144,123.4999936,3,80.1874944,False,0,OnTrack,HARD
95.652,-2217.8123310210913,207.58267818614584,1303.9864089176483,10367.0,129.0,3,85.0,False,0,OnTrack,HARD
95.742,-2175.0,175.0,1304.0,10648.499599644445,132.4999950222222,3,88.49999502222222,False,0,OnTrack,HARD
96.012,-2077.84722542801,106.97927060721518,1303.9744677746614,11493.0,143.0,3,99.0,False,0,OnTrack,HARD
96.122,-2046.0,86.0,1304.0,11137.5629136,149.874992,3,99.3437496,False,0,OnTrack,HARD
96.332,-1992.0768260932377,50.89448299464439,1304.1691193111901,10459.0,163.0,3,100.0,False,0,OnTrack,HARD
96.532,-1934.9420280934926,14.798142518274648,1304.0799837792276,11205.0,168.0,4,100.0,False,0,OnTrack,HARD
96.563,-1924.0,8.0,1304.0,11252.533038933334,169.5499904,4,100.0,False,0,OnTrack,HARD
96.772,-1837.0036468434268,-45.635230066460466,1303.1332967525927,11573.0,180.0,4,100.0,False,0,OnTrack,HARD
96.823,-1814.0,-60.0,1303.0,11396.726321273029,181.90772379574645,4,100.0,False,0,OnTrack,HARD
97.043,-1719.0,-120.0,1303.0,10636.327197418805,190.13715154308653,4,100.0,False,0,OnTrack,HARD
97.083,-1706.0,-128.0,1303.0,10498.072811263492,191.633411133512,4,100.0,False,0,OnTrack,HARD
97.173,-1671.1257520702814,-150.16151903259882,1302.7713320249754,10187.0,195.0,5,100.0,False,0,OnTrack,HARD
97.343,-1589.0,-204.0,1302.0,10716.1246016,202.083328,5,100.0,False,0,OnTrack,HARD
97.413,-1554.155501046856,-226.94231696345696,1301.8910105735588,10934.0,205.0,5,100.0,False,0,OnTrack,HARD
97.603,-1459.0,-292.0,1302.0,11251.722008177778,210.80555164444445,5,100.0,False,0,OnTrack,HARD
97.773,-1376.135913009691,-355.97325026968275,1302.0047968813003,11536.0,216.0,5,100.0,False,0,OnTrack,HARD
97.823,-1352.0,-375.0,1302.0,11606.9373184,216.0,5,100.0,False,0,OnTrack,HARD
97.834,-1346.697620327614,-379.1726014983603,1301.9991882332922,11622.5436592,216.0,5,100.0,False,0,OnTrack,HARD
