seconds,x,y,z,rpm,speed,gear,throttle,brake,drs,status
0.0,493.4982117259157,3741.8744540039897,537.0000019399592,10650.822743854545,302.57272785454546,8,100.0,False,0,OnTrack
0.049,509.0,3780.0,537.0,10657.170462836364,302.79545483636366,8,100.0,False,0,OnTrack
0.094,523.3033137889556,3815.034148067048,536.9999973783433,10663.0,303.0,8,100.0,False,0,OnTrack
0.249,573.0,3936.0,537.0,10731.7812784,303.9687504,8,100.0,False,0,OnTrack
0.254,574.6113626943782,3939.9160393992047,537.0000012058382,10734.0,304.0,8,100.0,False,0,OnTrack
0.469,644.0,4109.0,537.0,10763.5625088,305.7916672,8,100.0,False,0,OnTrack
0.494,651.9881622314952,4128.691549237656,536.9999589285131,10767.0,306.0,8,100.0,False,0,OnTrack
0.629,695.0,4235.0,537.0,10796.531264,306.0,8,100.0,False,0,OnTrack
0.654,703.0474930510109,4254.6628481565385,537.0002182629971,10802.0,306.0,8,100.0,False,0,OnTrack
0.789,747.0,4361.0,537.0,10797.94999808,306.67500032,8,100.0,False,0,OnTrack
0.854,768.3522893745768,4412.668625378949,536.9957470611714,10796.0,307.0,8,100.0,False,0,OnTrack
0.949,799.0,4487.0,537.0,10808.2708416,307.0,8,100.0,False,0,OnTrack
1.094,842.2825873599327,4592.437726565492,537.0773613343111,10827.0,307.0,8,100.0,False,0,OnTrack
1.209,883.0,4692.0,537.0,10837.0625056,307.28750016,8,100.0,False,0,OnTrack
1.494,1019.6073181942362,5026.630086764493,536.0349665574375,10862.0,308.0,8,100.0,False,0,OnTrack
1.528,1032.0,5057.0,536.0,10867.9500224,308.2125008,8,100.0,False,0,OnTrack
1.654,1064.143912903438,5135.785978668381,536.1568020596833,10890.0,309.0,8,100.0,False,0,OnTrack
1.854,1094.1833757722857,5210.591480828622,536.8994609529434,10885.0,309.0,8,100.0,False,0,OnTrack
1.908,1109.0,5248.0,537.0,10892.618269250175,309.2240667426522,8,100.0,False,0,OnTrack
2.088,1175.0,5418.0,537.0,10918.012439890505,309.9709541144266,8,100.0,False,0,OnTrack
2.095,1177.3211513703923,5424.335896388929,536.9942853441037,10919.0,310.0,8,100.0,False,0,OnTrack
2.268,1224.0,5563.0,537.0,10674.397312711111,310.0,8,56.26946062222222,False,0,OnTrack
2.428,1261.0,5685.0,538.0,10448.175090488889,310.0,8,15.82501617777777,False,0,OnTrack
2.455,1267.1351547950337,5706.19616962634,538.1663675997967,10410.0,310.0,8,9.0,False,0,OnTrack
2.708,1323.0,5909.0,540.0,9799.716580278076,275.54120364125845,8,0.8387061255612043,False,0,OnTrack
2.734,1328.315800512445,5928.689931840923,540.3817342260713,9737.0,272.0,8,0.0,True,0,OnTrack
2.888,1359.0,6041.0,543.0,9658.349934628572,247.7999798857143,8,0.0,True,0,OnTrack
2.988,1380.0,6113.0,544.0,9607.278506057142,232.08569417142857,8,0.0,True,0,OnTrack
3.014,1385.3059559922108,6130.820148528545,544.2293590727107,9594.0,228.0,8,0.0,True,0,OnTrack
3.334,1445.3382334688051,6315.201250228394,546.7736747910263,9094.0,204.0,8,0.0,True,0,OnTrack
3.368,1452.0,6332.0,547.0,9200.2504,199.57998336,8,0.0,True,0,OnTrack
3.534,1486.4508836582131,6408.109190842415,547.9074261818573,9719.0,178.0,8,0.0,True,0,OnTrack
3.568,1494.0,6423.0,548.0,9844.6588064,176.1583264,8,0.0,True,0,OnTrack
3.728,1530.0,6487.0,548.0,10435.992139733333,167.49165973333334,8,0.0,True,0,OnTrack
3.774,1538.707420639635,6499.879643683333,547.9718844121428,10606.0,165.0,7,0.0,True,0,OnTrack
3.888,1559.0,6525.0,548.0,10459.0952896,161.3727232,7,0.0,True,0,OnTrack
4.168,1631.0,6603.0,549.0,10098.277107781818,152.4636322909091,7,0.0,True,0,OnTrack
4.214,1645.008050473969,6614.560856319068,549.0215470166623,10039.0,151.0,3,0.0,True,0,OnTrack
4.348,1688.0,6644.0,549.0,9745.87472,143.8812432,3,0.0,True,0,OnTrack
4.534,1749.7220186117943,6674.256702737058,549.9486262386754,9339.0,134.0,3,0.0,True,0,OnTrack
4.608,1775.0,6683.0,550.0,9211.658113066667,132.45833066666665,3,0.0,True,0,OnTrack
4.774,1833.0858467148357,6696.222206124127,549.0420486286653,8926.0,129.0,3,0.0,False,0,OnTrack
4.788,1838.0,6697.0,549.0,8909.708941963636,128.71363374545456,3,0.0,False,0,OnTrack
4.888,1873.0,6701.0,549.0,8793.3453056,126.6681792,3,0.0,False,0,OnTrack
5.108,1948.0,6698.0,549.0,8537.3453056,122.1681792,3,0.0,False,0,OnTrack
5.214,1981.5170249273751,6692.645183986629,549.0665305488405,8414.0,120.0,3,0.0,False,0,OnTrack
5.268,2000.0,6688.0,549.0,8364.8936336,119.156248,3,0.0,False,0,OnTrack
5.534,2109.347266748682,6641.903947472385,547.2472760017577,8123.0,115.0,3,0.0,False,0,OnTrack
5.569,2122.0,6634.0,547.0,8106.3749696,114.5624992,3,0.0,False,0,OnTrack
5.854,2193.5820982041982,6560.504342638965,545.5156432316302,7971.0,111.0,3,0.0,False,0,OnTrack
5.989,2214.0,6533.0,545.0,8162.02509056,111.0,3,25.65001216,False,0,OnTrack
6.054,2221.636459250629,6523.35825651385,544.7737351965133,8254.0,111.0,3,38.0,False,0,OnTrack
6.389,2254.0,6461.0,544.0,8717.4167552,117.51389013333333,3,55.68055893333333,False,0,OnTrack
6.414,2257.8803940573675,6449.330660062652,543.9891149589846,8752.0,118.0,3,57.0,False,0,OnTrack
6.589,2287.0,6353.0,544.0,8974.395914666668,120.91666773333333,3,62.83333546666667,False,0,OnTrack
6.654,2293.4302199906083,6328.094944934092,543.9369024269052,9057.0,122.0,3,65.0,False,0,OnTrack
6.969,2295.0,6268.0,543.0,9824.812656,127.9062512,3,79.76562799999999,False,0,OnTrack
6.974,2294.9513555847843,6266.563788905047,542.9784188369159,9837.0,128.0,3,80.0,False,0,OnTrack
7.134,2293.371662969634,6207.679098798506,542.2210928805104,10321.0,139.0,3,84.0,False,0,OnTrack
7.209,2291.0,6177.0,542.0,10490.6876448,141.50000213333334,3,86.18750186666666,False,0,OnTrack
7.374,2280.2510344901984,6110.092371841706,541.9889041230618,10864.0,147.0,3,91.0,False,0,OnTrack
7.389,2279.0,6104.0,542.0,10936.0003072,147.8437536,3,91.8437536,False,0,OnTrack
7.534,2265.0229458688555,6044.774321899671,542.0914875622557,11632.0,156.0,3,100.0,False,0,OnTrack
7.589,2259.0,6022.0,542.0,11528.6784512,158.3571456,3,100.0,False,0,OnTrack
7.814,2230.6248318738103,5925.854414063554,540.6049180875048,11106.0,168.0,3,100.0,False,0,OnTrack
7.909,2216.0,5881.0,540.0,11020.160656457143,171.05357348571428,3,100.0,False,0,OnTrack
8.094,2183.4025479936113,5786.755724510167,539.0978091489055,10853.0,177.0,4,100.0,False,0,OnTrack
8.108,2181.0,5780.0,539.0,10885.2440448,177.1312512,4,100.0,False,0,OnTrack
8.388,2135.0,5656.0,536.0,11530.1190448,179.7562512,4,100.0,False,0,OnTrack
8.414,2130.1263506727396,5643.3802985201655,535.7128296776663,11590.0,180.0,4,100.0,False,0,OnTrack
8.588,2096.0,5557.0,534.0,10980.999552,180.0,4,99.12999936,False,0,OnTrack
8.614,2091.433358142857,5545.826590422154,533.7964973946,10890.0,180.0,4,99.0,False,0,OnTrack
8.815,2061.6063233943905,5476.962065451208,532.6755148739715,10714.0,205.0,4,99.0,False,0,OnTrack
8.928,2042.0,5434.0,532.0,10887.7374016,207.8249984,4,99.3531248,False,0,OnTrack
9.088,2004.0,5351.0,531.0,11133.7374016,211.8249984,4,99.8531248,False,0,OnTrack
9.135,1988.5866355589337,5316.762573415491,530.9773625967628,11206.0,213.0,5,100.0,False,0,OnTrack
9.294,1927.2227308960748,5179.144319696746,531.7992622147173,11252.0,216.0,5,100.0,False,0,OnTrack
9.328,1916.0,5154.0,532.0,11305.04019968,216.8500032,5,99.82999936,False,0,OnTrack
9.494,1876.2968689154422,5065.564749060543,532.8796800038082,11564.0,221.0,5,99.0,False,0,OnTrack
9.748,1839.0,4959.0,534.0,11335.3998848,226.6444472888889,5,99.0,False,0,OnTrack
9.854,1819.5760088083796,4884.911325104791,534.4342002120983,11240.0,229.0,5,99.0,False,0,OnTrack
10.108,1776.0,4687.0,535.0,10816.9310368,232.968752,5,99.0,False,0,OnTrack
10.174,1770.3819445662057,4651.288235310945,534.886973490613,10707.0,234.0,6,99.0,False,0,OnTrack
10.334,1767.016569261713,4592.172665997822,534.1382279629793,10846.0,234.0,6,99.0,False,0,OnTrack
10.468,1769.0,4529.0,533.0,10846.0,238.187504,6,99.0,False,0,OnTrack
10.494,1769.612540265001,4513.388731279817,532.7254429068046,10846.0,239.0,6,99.0,False,0,OnTrack
10.648,1775.0,4406.0,531.0,11011.000137142857,241.7500022857143,6,99.0,False,0,OnTrack
10.774,1782.2370739286748,4318.937102995556,530.1567414263995,11146.0,244.0,6,99.0,False,0,OnTrack
10.848,1787.0,4269.0,530.0,10847.2244832,244.0,6,56.9124272,False,0,OnTrack
10.934,1792.5593268873708,4211.804919129909,530.1673934229632,10500.0,244.0,6,8.0,True,0,OnTrack
11.148,1801.0,4069.0,532.0,11578.917312,229.7333248,6,0.8666624,True,0,OnTrack
11.174,1800.6313865113773,4050.907841622276,532.3263393980865,11710.0,228.0,6,0.0,True,0,OnTrack
11.408,1784.0,3894.0,536.0,11016.7746208,222.1499968,6,0.0,True,0,OnTrack
11.494,1773.244602825196,3852.284702400272,537.4687785853322,10762.0,220.0,5,0.0,True,0,OnTrack
11.648,1745.0,3791.0,540.0,10501.73978368,208.4499904,5,0.0,True,0,OnTrack
11.694,1733.151167952261,3771.471450130265,540.6633005839404,10424.0,205.0,5,0.0,False,0,OnTrack
11.969,1638.0,3653.0,544.0,10131.812432,193.8281224,5,17.187504,False,0,OnTrack
12.014,1621.3278498327613,3637.357625735559,544.5385836858495,10084.0,192.0,5,20.0,False,0,OnTrack
12.149,1561.0,3593.0,546.0,10145.08752896,192.67500032,5,32.15000576,False,0,OnTrack
12.389,1376.0,3497.0,547.0,10253.68752896,193.87500032,5,53.75000576,False,0,OnTrack
12.414,1358.6636210029546,3488.955000744047,547.0535551912186,10265.0,194.0,5,56.0,False,0,OnTrack
12.614,1253.079954311443,3446.377569545189,547.3212018464368,10273.0,195.0,5,72.0,False,0,OnTrack
12.829,1159.0,3415.0,547.0,10469.8594336,198.359376,5,77.3750016,False,0,OnTrack
12.934,1105.636387311933,3395.918254285871,546.5213712654123,10566.0,200.0,5,80.0,False,0,OnTrack
13.229,947.0,3332.0,544.0,10367.694401422223,193.44444302222223,5,16.083319466666666,False,0,OnTrack
13.294,916.1623220029643,3316.84601480233,543.1953885226976,10324.0,192.0,5,2.0,True,0,OnTrack
13.494,832.8303107944547,3268.5008238587047,540.2013111737859,10405.0,179.0,5,1.0,True,0,OnTrack
13.669,780.0,3232.0,538.0,10869.722392177779,171.70833066666665,5,1.0,True,0,OnTrack
13.854,746.7388138431719,3202.5226912531894,536.6194931207125,11361.0,164.0,4,1.0,True,0,OnTrack
13.969,726.0,3176.0,536.0,10982.9372896,158.9687472,4,1.0,True,0,OnTrack
14.014,716.1443447897758,3162.013726503076,535.7704403590994,10835.0,157.0,4,1.0,True,0,OnTrack
14.149,685.0,3112.0,535.0,10431.6873088,151.37499733333334,4,1.0,True,0,OnTrack
14.254,667.2173606679756,3072.4946068746704,534.0807827358581,10118.0,147.0,3,1.0,True,0,OnTrack
14.469,648.0,2991.0,532.0,9775.954443636363,142.60227141818183,3,1.0,True,0,OnTrack
14.688,646.0,2906.0,531.0,9427.54525090909,138.12272465454546,3,1.0,True,0,OnTrack
14.694,646.1707289188487,2903.7373371274803,530.9723448929266,9418.0,138.0,3,1.0,False,0,OnTrack
14.848,656.0,2846.0,530.0,9252.999862857143,134.1499968,3,1.5500004571428572,False,0,OnTrack
14.974,676.805650092585,2794.0238697007117,528.3720413066973,9118.0,131.0,3,2.0,False,0,OnTrack
15.148,715.0,2728.0,526.0,9236.270468825871,127.9039144286421,3,28.626335913677952,False,0,OnTrack
15.255,735.7898199766659,2701.4055099717257,525.3988881757442,9309.0,126.0,3,45.0,False,0,OnTrack
15.488,785.0,2664.0,526.0,9699.2748928,130.3687488,3,57.3781216,False,0,OnTrack
15.575,811.2060419028049,2647.7125522598253,526.6708120067224,9845.0,132.0,3,62.0,False,0,OnTrack
15.708,857.0,2623.0,528.0,10142.349856914285,135.3249984,3,71.9749952,False,0,OnTrack
15.855,909.6092711016606,2602.8418492090577,529.6183452828371,10471.0,139.0,3,83.0,False,0,OnTrack
15.988,960.0,2591.0,532.0,10952.359987703421,144.00836981425525,3,91.90376855867599,False,0,OnTrack
16.094,1002.7566446188673,2585.7694028262636,535.0111599605434,11336.0,148.0,3,99.0,False,0,OnTrack
16.208,1051.0,2585.0,539.0,11482.7751648,154.17500693333332,3,99.0,False,0,OnTrack
16.334,1106.6071255319569,2590.802224313935,543.845580664557,11645.0,161.0,3,99.0,False,0,OnTrack
16.388,1131.0,2595.0,546.0,11563.999808,162.928576,3,99.0,False,0,OnTrack
16.608,1233.0,2620.0,555.0,11233.999808,170.78571885714285,3,99.0,False,0,OnTrack
16.614,1235.827132972463,2620.7887422161925,555.2486832633806,11225.0,171.0,4,99.0,False,0,OnTrack
16.808,1328.0,2648.0,563.0,11307.4500544,177.46667093333335,4,99.53888924444445,False,0,OnTrack
16.974,1406.8888589923047,2672.1769642398867,567.947005201437,11378.0,183.0,4,100.0,False,0,OnTrack
17.048,1443.0,2683.0,570.0,11170.7996416,185.96000512,4,100.0,False,0,OnTrack
17.174,1506.3985910034228,2701.512165412059,573.6024471484972,10818.0,191.0,4,100.0,False,0,OnTrack
17.228,1533.0,2710.0,575.0,10775.87990016,191.0,4,100.0,False,0,OnTrack
17.374,1604.021376605138,2736.310879993475,578.1792490282842,10662.0,191.0,5,100.0,False,0,OnTrack
17.408,1624.0,2744.0,579.0,10706.972896581818,192.54546036363635,5,100.0,False,0,OnTrack
17.688,1829.0,2822.0,587.0,11077.336532945454,205.2727330909091,5,100.0,False,0,OnTrack
17.814,1887.3081493430668,2843.143849774568,588.9950485258028,11244.0,211.0,5,100.0,False,0,OnTrack
18.028,1965.0,2869.0,591.0,11354.821494857142,217.11428937142858,5,100.0,False,0,OnTrack
18.094,2001.873034640857,2881.322154279634,591.9392987571681,11389.0,219.0,5,100.0,False,0,OnTrack
18.168,2046.0,2896.0,593.0,11106.213796571428,221.11428937142858,5,100.0,False,0,OnTrack
18.374,2159.3707035261646,2931.725841761668,594.7896012062569,10319.0,227.0,5,100.0,False,0,OnTrack
18.448,2214.0,2946.0,595.0,10411.9626608,228.6187528,5,100.0,False,0,OnTrack
18.694,2455.1861306516894,2999.7935070608437,594.2072056444065,10721.0,234.0,6,100.0,False,0,OnTrack
18.729,2481.0,3005.0,594.0,10764.4584128,235.0208352,6,100.0,False,0,OnTrack
18.934,2555.7671242087595,3016.3097636126076,592.5004047347843,11019.0,241.0,6,100.0,False,0,OnTrack
19.049,2601.0,3020.0,591.0,11103.652824888888,242.91666773333333,6,100.0,False,0,OnTrack
19.209,2709.0,3030.0,588.0,11221.430602666667,245.5833344,6,100.0,False,0,OnTrack
19.294,2768.636194002014,3034.110279420659,586.5165860918214,11284.0,247.0,6,100.0,False,0,OnTrack
19.494,2905.6252580607115,3038.0474365370997,582.4614527228654,11414.0,250.0,6,100.0,False,0,OnTrack
19.509,2916.0,3038.0,582.0,11430.40632,250.1875008,6,100.0,False,0,OnTrack
19.654,3017.31745739817,3035.1780956267958,576.4345989384645,11589.0,252.0,6,100.0,False,0,OnTrack
19.689,3042.0,3034.0,575.0,11604.0937776,253.093752,6,100.0,False,0,OnTrack
19.814,3130.7551839990533,3028.4122502033274,569.9888908183755,11658.0,257.0,6,100.0,False,0,OnTrack
19.869,3170.0,3025.0,568.0,11483.222018844444,257.76388977777776,6,100.0,False,0,OnTrack
20.169,3385.0,2996.0,557.0,10529.88868551111,261.93055644444445,6,100.0,False,0,OnTrack
20.174,3388.5811880896345,2995.4297560648324,556.6839602777533,10514.0,262.0,7,100.0,False,0,OnTrack
20.229,3428.0,2989.0,553.0,10544.446464,262.7857152,7,100.0,False,0,OnTrack
20.454,3591.475242042687,2958.893807009893,543.1506502304776,10669.0,266.0,7,100.0,False,0,OnTrack
20.489,3617.0,2954.0,542.0,10688.7969112,266.546876,7,100.0,False,0,OnTrack
20.689,3763.0,2926.0,536.0,10801.9219112,269.671876,7,100.0,False,0,OnTrack
20.774,3825.5576180015614,2914.2753976959953,533.4620845883065,10850.0,271.0,7,100.0,False,0,OnTrack
21.014,4004.6477649474928,2882.80529659439,527.2366107291482,11070.0,274.0,7,100.0,False,0,OnTrack
21.029,4016.0,2881.0,527.0,11068.57499392,274.07500032,7,100.0,False,0,OnTrack
21.108,4076.0,2872.0,526.0,11061.06998784,274.47000064,7,100.0,False,0,OnTrack
21.214,4156.1359352293985,2862.6329134054176,524.553074752709,11051.0,275.0,7,100.0,False,0,OnTrack
21.268,4197.0,2859.0,524.0,11076.9875616,275.6750016,7,100.0,False,0,OnTrack
21.374,4277.632237560467,2853.915645457546,523.6345018091974,11128.0,277.0,7,100.0,False,0,OnTrack
21.508,4380.0,2852.0,524.0,11137.2125088,277.8375008,7,100.0,False,0,OnTrack
21.534,4399.862830172711,2852.3108193769663,524.0935449912736,11139.0,278.0,7,100.0,False,0,OnTrack
21.808,4609.0,2870.0,525.0,11184.014306742858,279.95714377142855,7,100.0,False,0,OnTrack
21.814,4613.568651260481,2870.717045581596,524.9986574251969,11185.0,280.0,7,100.0,False,0,OnTrack
22.008,4761.0,2902.0,525.0,11144.75104285394,280.8049791429212,7,99.19502085707882,False,0,OnTrack
22.055,4796.646675501107,2912.052079014488,525.4561188045348,11135.0,281.0,7,99.0,False,0,OnTrack
22.108,4836.0,2924.0,526.0,11165.8062128,281.3312496,7,99.3312496,False,0,OnTrack
22.215,4909.788835811629,2948.070892857495,526.2745639454913,11228.0,282.0,7,100.0,False,0,OnTrack
22.408,5056.0,3010.0,526.0,11310.0249728,282.8041664,7,99.1958336,False,0,OnTrack
22.455,5103.40916866446,3034.044054186159,526.3623044153483,11330.0,283.0,7,99.0,False,0,OnTrack
22.648,5308.0,3146.0,529.0,11387.8999808,283.96499968,7,99.96499968,False,0,OnTrack
22.655,5313.512131933519,3149.1144639715594,529.0887163521646,11390.0,284.0,7,100.0,False,0,OnTrack
22.854,5401.830028935324,3202.0725440371134,531.1953261269977,11355.0,285.0,7,100.0,False,0,OnTrack
22.988,5459.0,3238.0,534.0,11349.9749952,285.0,7,100.0,False,0,OnTrack
23.094,5530.49763287084,3281.368330216192,537.6863515101325,11346.0,285.0,7,100.0,False,0,OnTrack
23.128,5555.0,3296.0,539.0,11364.8063208,285.3187512,7,100.0,False,0,OnTrack
23.414,5755.419892119438,3410.0887352664095,550.6891591565014,11523.0,288.0,7,100.0,False,0,OnTrack
23.448,5778.0,3422.0,552.0,11527.0375152,288.0,7,100.0,False,0,OnTrack
23.574,5858.829530484922,3462.5281112971106,556.5651200313703,11542.0,288.0,7,100.0,False,0,OnTrack
23.728,5982.0,3511.0,563.0,11576.0083616,288.6416672,7,100.0,False,0,OnTrack
23.814,6079.697800475867,3541.327241253842,567.8413104917743,11595.0,289.0,7,100.0,False,0,OnTrack
23.888,6165.0,3565.0,572.0,11595.0,289.0,7,100.0,False,0,OnTrack
23.974,6249.909222356457,3585.3223870229617,576.0870499415652,11595.0,289.0,7,100.0,False,0,OnTrack
24.328,6502.0,3612.0,587.0,11557.633319822222,289.0,7,100.0,False,0,OnTrack
24.334,6506.478340214479,3612.259285584961,587.1650139754285,11557.0,289.0,7,100.0,False,0,OnTrack
24.654,6760.497989985408,3623.7600511362525,595.1639328407599,11617.0,290.0,7,100.0,False,0,OnTrack
24.708,6798.0,3625.0,596.0,11615.312496,290.0,7,100.0,False,0,OnTrack
24.814,6863.457387192799,3626.735385425836,597.0519676878142,11612.0,290.0,7,100.0,False,0,OnTrack
25.069,7008.0,3628.0,598.0,11648.125009066667,291.4166670222222,7,100.0,False,0,OnTrack
25.174,7083.533369403559,3627.923272482576,598.8358481740695,11663.0,292.0,7,100.0,False,0,OnTrack
25.269,7170.0,3627.0,599.0,11701.0000256,292.47500032,7,100.0,False,0,OnTrack
25.374,7294.628579599863,3624.447642025577,597.6487584480456,11743.0,293.0,7,100.0,False,0,OnTrack
25.589,7555.0,3617.0,593.0,11708.9583232,293.5972224,7,84.4722176,False,0,OnTrack
25.734,7626.436956276929,3613.6504896483066,592.2062571704022,11686.0,294.0,7,74.0,True,0,OnTrack
25.889,7684.0,3608.0,591.0,11385.687376,290.1249984,7,11.031224000000002,True,0,OnTrack
25.894,7687.005555596283,3607.7132665661034,590.9060975621651,11376.0,290.0,7,9.0,True,0,OnTrack
26.069,7823.0,3593.0,586.0,11285.583300266666,279.062496,7,2.4374976000000004,True,0,OnTrack
26.134,7872.77335019565,3584.6041629554793,583.9799495453074,11252.0,275.0,7,0.0,True,0,OnTrack
26.229,7941.0,3570.0,581.0,11571.67521536,271.67499776,7,0.0,True,0,OnTrack
26.334,8011.832600250733,3551.9428862210107,577.6454675958771,11925.0,268.0,6,0.0,False,0,OnTrack
26.589,8186.0,3479.0,568.0,11554.339192685715,257.9821403428571,6,0.0,False,0,OnTrack
26.614,8205.939260776015,3467.072559277606,566.7890229105934,11518.0,257.0,6,0.0,True,0,OnTrack
26.809,8359.0,3361.0,557.0,11364.92494976,250.17499776,6,0.0,True,0,OnTrack
26.814,8361.884798560899,3358.7866283647663,556.8031235151584,11361.0,250.0,6,0.0,False,0,OnTrack
27.069,8447.0,3276.0,550.0,11050.218672,242.8281232,6,29.4843824,False,0,OnTrack
27.134,8469.394376237184,3249.238890717696,548.066728672522,10971.0,241.0,6,37.0,False,0,OnTrack
27.369,8566.0,3115.0,540.0,10926.937488,239.04166613333334,6,70.29167573333334,False,0,OnTrack
27.374,8568.016478954043,3111.4880049541134,539.8401639125274,10926.0,239.0,6,71.0,False,0,OnTrack
27.614,8654.896995228277,2921.596846617725,533.302543837222,11062.0,239.0,6,79.0,False,0,OnTrack
27.629,8659.0,2910.0,533.0,11064.420464872726,239.13636421818182,6,79.71591214545454,False,0,OnTrack
28.054,8703.217935197554,2615.0690109357465,529.9516074961738,11133.0,243.0,6,100.0,False,0,OnTrack
28.068,8703.0,2605.0,530.0,11150.43015936,243.07000064,6,99.92999936,False,0,OnTrack
28.254,8692.228761296374,2465.2736422380895,531.4336621128488,11382.0,244.0,6,99.0,False,0,OnTrack
28.388,8681.0,2379.0,533.0,11396.369084152459,244.66832949546318,6,99.0,False,0,OnTrack
28.655,8653.617260104234,2265.226415755631,536.9186940088572,11425.0,246.0,6,99.0,False,0,OnTrack
28.708,8641.0,2235.0,538.0,11364.996501028572,245.8107145142857,6,99.0,False,0,OnTrack
28.935,8552.5908782222,2053.811033461564,543.8767058375022,11108.0,245.0,6,99.0,False,0,OnTrack
29.028,8518.0,1989.0,546.0,11159.7312144,245.2906248,6,99.2906248,False,0,OnTrack
29.255,8459.116731441944,1893.5124578008515,549.3747197668923,11286.0,246.0,6,100.0,False,0,OnTrack
29.308,8445.0,1872.0,550.0,11287.519712472347,246.37992811808672,6,100.0,False,0,OnTrack
29.534,8367.878035947953,1752.010215133825,552.4501391968828,11294.0,248.0,6,100.0,False,0,OnTrack
29.588,8342.0,1711.0,553.0,11297.78000896,248.27000064,6,100.0,False,0,OnTrack
29.734,8254.964941462567,1571.884224563925,554.4199654442297,11308.0,249.0,6,100.0,False,0,OnTrack
29.828,8202.0,1487.0,555.0,11401.664413257144,251.01428845714287,6,100.0,False,0,OnTrack
30.014,8131.545288725172,1374.2759124938675,554.9023579796818,11587.0,255.0,6,100.0,False,0,OnTrack
30.214,8085.885142711088,1297.2841438396626,553.1831724038196,11694.0,256.0,6,100.0,False,0,OnTrack
30.308,8057.0,1244.0,552.0,11740.06006272,256.94000128,6,100.0,False,0,OnTrack
30.414,8017.705007730614,1168.9400279848073,550.3894379127024,11792.0,258.0,6,100.0,False,0,OnTrack
30.614,7936.62766024064,1008.8389993505652,546.8771521608043,11930.0,259.0,6,100.0,False,0,OnTrack
30.668,7920.0,975.0,546.0,11917.5124704,259.6750016,6,99.6624992,False,0,OnTrack
30.774,7895.304778382324,923.034198085529,544.4035304457308,11893.0,261.0,6,99.0,False,0,OnTrack
31.014,7854.362932970567,827.5903647738077,540.9524422700721,11935.0,261.0,6,95.0,False,0,OnTrack
31.068,7837.0,788.0,540.0,11892.33989888,260.45999872,6,81.499968,False,0,OnTrack
31.214,7772.7979484043335,643.4076245439028,537.0998675031865,11777.0,259.0,6,45.0,True,0,OnTrack
31.288,7744.0,579.0,536.0,11529.0995712,253.4499904,6,28.349971200000002,True,0,OnTrack
31.414,7714.221586412821,513.1101059130243,535.2553757131795,11107.0,244.0,6,0.0,True,0,OnTrack
31.588,7685.0,459.0,535.0,11396.8189632,235.843744,6,0.0,True,0,OnTrack
31.734,7638.670302746048,384.2016559885177,533.6634585310082,11640.0,229.0,6,0.0,True,0,OnTrack
31.989,7521.0,234.0,530.0,11342.1135616,221.4659072,6,0.0,True,0,OnTrack
32.174,7420.830127105541,165.05414820388663,527.6952668368494,11126.0,216.0,5,0.0,False,0,OnTrack
32.369,7323.0,122.0,526.0,10861.357056,212.517856,5,16.0178624,False,0,OnTrack
32.454,7289.814748186685,109.66378263139964,525.6164008399322,10746.0,211.0,5,23.0,False,0,OnTrack
32.689,7200.0,89.0,525.0,10898.0156664,206.59374880000001,5,53.8437584,False,0,OnTrack
32.774,7150.832768771987,82.1202857225274,524.5157990482851,10953.0,205.0,5,65.0,False,0,OnTrack
32.934,7039.32583182659,70.30300675224002,523.3460461033343,10968.0,205.0,5,78.0,False,0,OnTrack
33.009,6992.0,67.0,523.0,11011.50003712,206.50000128,5,84.75000576,False,0,OnTrack
33.134,6924.425266090611,65.21730632389186,522.8116141524448,11084.0,209.0,5,96.0,False,0,OnTrack
33.329,6827.0,69.0,523.0,11341.1563344,213.2656264,5,98.4375008,False,0,OnTrack
33.454,6752.396691448113,73.32410922961259,523.0038207713195,11506.0,216.0,5,100.0,False,0,OnTrack
33.489,6731.0,75.0,523.0,11545.7639616,216.7777792,5,100.0,False,0,OnTrack
33.769,6561.0,97.0,523.0,11863.875072711111,223.00000142222223,5,100.0,False,0,OnTrack
33.814,6533.418795998194,101.78335995099087,523.0046084504316,11915.0,224.0,5,100.0,False,0,OnTrack
33.969,6438.0,121.0,523.0,11884.9687376,225.9375008,5,100.0,False,0,OnTrack
33.974,6434.933606157963,121.70126444485048,522.997995196816,11884.0,226.0,5,100.0,False,0,OnTrack
34.129,6340.0,146.0,523.0,12080.07508096,229.10000128,5,100.0,False,0,OnTrack
34.174,6312.1804438775,153.9547289934551,523.1269053923992,12137.0,230.0,5,100.0,False,0,OnTrack
34.368,6192.0,193.0,524.0,12119.67856,230.6928576,5,30.714240000000004,False,0,OnTrack
34.454,6140.177651599692,212.9364676751273,524.0623649134188,12112.0,231.0,5,0.0,True,0,OnTrack
34.548,6087.0,235.0,524.0,11914.5997312,222.53998848,5,0.0,True,0,OnTrack
34.654,6034.44317539869,258.05096606678404,523.9809743563575,11692.0,213.0,5,0.0,True,0,OnTrack
34.808,5949.0,304.0,524.0,11260.7996416,207.60999552,5,0.0,True,0,OnTrack
34.854,5914.360959869669,325.4346929046929,524.0009140770118,11132.0,206.0,5,0.0,True,0,OnTrack
34.968,5827.0,382.0,524.0,10971.643101230393,192.7551824025103,5,0.0,True,0,OnTrack
35.095,5776.560737216339,415.4865461515823,524.0148467971677,10793.0,178.0,5,0.0,True,0,OnTrack
35.408,5763.0,433.0,524.0,10790.3916672,162.3500032,5,0.0,True,0,OnTrack
35.455,5751.457329794965,443.4069716854643,523.9655772315608,10790.0,160.0,4,0.0,True,0,OnTrack
35.628,5693.0,495.0,524.0,10173.25522816,147.89000448,4,0.0,True,0,OnTrack
35.655,5684.748425484831,502.66657163826676,524.0893463338293,10077.0,146.0,3,0.0,True,0,OnTrack
35.868,5628.0,563.0,525.0,9664.070578618182,139.2227293090909,3,0.0,True,0,OnTrack
36.068,5572.0,640.0,524.0,9276.343305890909,132.85909294545453,3,0.0,True,0,OnTrack
36.095,5565.93786199038,649.2760204186008,523.8284106223613,9224.0,132.0,3,0.0,True,0,OnTrack
36.374,5529.717089219044,721.3528892441125,522.2578487772188,8747.0,128.0,3,0.0,True,0,OnTrack
36.468,5522.0,746.0,522.0,8554.971167085714,124.30713782857143,3,0.0,True,0,OnTrack
36.654,5510.350724074157,803.1013565687605,521.9764438998156,8175.0,117.0,3,0.0,True,0,OnTrack
36.688,5510.0,815.0,522.0,8125.52981376,116.31999744,3,0.0,True,0,OnTrack
36.928,5525.0,905.0,522.0,7776.3298137599995,111.51999744,3,0.0,True,0,OnTrack
37.054,5537.865537007288,940.6770125970522,521.4346401521659,7593.0,109.0,3,0.0,True,0,OnTrack
37.348,5578.0,1002.0,521.0,7366.374901333334,104.71249813333333,3,3.0625013333333335,True,0,OnTrack
37.428,5592.0,1021.0,522.0,7304.708234666667,103.54583146666667,3,3.895834666666667,True,0,OnTrack
37.534,5611.33601661757,1044.7441889383956,522.4545605013932,7223.0,102.0,3,5.0,False,0,OnTrack
37.688,5641.0,1077.0,522.0,7489.42022144,102.0,3,21.94001408,False,0,OnTrack
37.734,5650.317266368852,1086.6027953699825,521.940290245908,7569.0,102.0,3,27.0,False,0,OnTrack
37.948,5694.0,1129.0,522.0,7664.6313072,103.3375008,3,29.6750016,False,0,OnTrack
38.054,5712.932846397191,1146.015831247059,522.0093904750559,7712.0,104.0,3,31.0,False,0,OnTrack
38.168,5744.0,1170.0,522.0,7884.14019328,106.28000256,3,34.99000448,False,0,OnTrack
38.254,5783.910237225354,1198.2587359898523,521.9976095871968,8014.0,108.0,3,38.0,False,0,OnTrack
38.309,5808.0,1215.0,522.0,8076.42507264,108.82500096,3,39.92500224,False,0,OnTrack
38.454,5842.554130023303,1238.4120485316143,522.0257250738575,8241.0,111.0,3,45.0,False,0,OnTrack
38.649,5866.0,1251.0,522.0,8555.7858176,115.1785728,3,53.3571456,False,0,OnTrack
38.734,5887.6047793768075,1262.6663583487127,521.9194692255571,8693.0,117.0,3,57.0,False,0,OnTrack
38.869,5930.0,1285.0,522.0,8947.8126208,118.6875008,3,59.5312512,False,0,OnTrack
38.894,5937.703394131958,1288.8579320217034,522.098169871225,8995.0,119.0,3,60.0,False,0,OnTrack
39.049,5985.0,1311.0,523.0,9385.821589942858,123.98214491428571,3,63.8750016,False,0,OnTrack
39.174,6025.224305950702,1327.802512957891,523.2819885415986,9701.0,128.0,3,67.0,False,0,OnTrack
39.334,6080.171139561341,1348.2602752493196,523.0777314210253,9937.0,134.0,3,71.0,False,0,OnTrack
39.429,6115.0,1360.0,523.0,10124.6251264,136.7708352,3,72.979168,False,0,OnTrack
39.574,6168.457972929749,1376.6236770086994,522.9984703603801,10411.0,141.0,3,76.0,False,0,OnTrack
39.589,6173.0,1378.0,523.0,10463.1252224,141.6562528,3,76.6562528,False,0,OnTrack
39.734,6203.150488392936,1386.9254089301824,523.0029734435262,10967.0,148.0,3,83.0,False,0,OnTrack
39.849,6228.0,1393.0,523.0,11436.20026112,153.17500288,3,85.8750016,False,0,OnTrack
39.934,6255.676488081094,1399.1005167641176,522.9994226593994,11783.0,157.0,3,88.0,False,0,OnTrack
40.134,6343.232824040022,1416.7425366727814,523.0007724055014,11682.0,165.0,3,95.0,False,0,OnTrack
40.189,6367.0,1421.0,523.0,11471.166421333333,167.0625024,3,95.91666773333333,False,0,OnTrack
40.374,6446.63037186849,1433.3220609675714,522.9957746105292,10762.0,174.0,3,99.0,False,0,OnTrack
40.429,6479.0,1438.0,523.0,10915.8037504,176.5535744,3,99.0,False,0,OnTrack
40.654,6653.161164825761,1463.072653631014,523.019481996986,11545.0,187.0,4,99.0,False,0,OnTrack
40.689,6673.0,1466.0,523.0,11556.3750208,187.8750016,4,88.4999808,False,0,OnTrack
40.894,6728.212317798598,1475.3228406507287,522.8474476548637,11623.0,193.0,4,27.0,False,0,OnTrack
40.948,6746.0,1479.0,523.0,11525.2211968,190.2999936,4,21.7928448,False,0,OnTrack
41.108,6826.0,1496.0,524.0,11235.506911085715,182.2999936,4,6.364273371428574,False,0,OnTrack
41.174,6858.068572784786,1503.339582883135,524.3532708854082,11116.0,179.0,4,0.0,True,0,OnTrack
41.348,6938.0,1524.0,525.0,11458.407394742857,168.43570651428573,4,0.0,True,0,OnTrack
41.454,6993.210224390957,1540.2314154834032,525.3307179128242,11667.0,162.0,3,0.0,True,0,OnTrack
41.695,7123.846332717205,1584.5622588272954,525.9684252691148,10967.0,158.0,3,0.0,True,0,OnTrack
41.708,7130.0,1587.0,526.0,10920.46022912,157.54500224,3,0.0,True,0,OnTrack
41.895,7206.48098326374,1622.1590854261435,526.425163293165,10251.0,151.0,3,0.0,True,0,OnTrack
42.128,7274.0,1662.0,527.0,9971.4000768,143.42750208,3,0.0,True,0,OnTrack
42.295,7306.498898168158,1684.380558825563,527.54247041819,9771.0,138.0,3,0.0,True,0,OnTrack
42.488,7346.0,1722.0,528.0,9263.41016832,132.21000192,3,0.0,True,0,OnTrack
42.495,7347.893617235668,1724.017896084484,528.0061785507356,9245.0,132.0,3,0.0,True,0,OnTrack
42.668,7400.0,1789.0,528.0,8880.687962217517,127.18105770128992,3,0.0,True,0,OnTrack
42.854,7440.9963308795495,1886.2246588648754,528.010091474468,8489.0,122.0,3,0.0,True,0,OnTrack
42.888,7446.0,1901.0,528.0,8447.208176,121.291664,3,0.0,True,0,OnTrack
43.094,7458.942974578301,1951.414655919377,527.7928340724459,8194.0,117.0,3,0.0,False,0,OnTrack
43.288,7458.0,1984.0,528.0,7854.499776,114.2285696,3,0.0,False,0,OnTrack
43.374,7457.651312537284,2007.4520015784178,528.4017806578831,7704.0,113.0,3,0.0,False,0,OnTrack
43.548,7455.0,2064.0,529.0,7645.70995712,108.6499968,3,0.0,False,0,OnTrack
43.574,7454.015545982201,2072.121430828256,528.9247346949187,7637.0,108.0,3,0.0,False,0,OnTrack
43.748,7444.0,2123.0,528.0,7452.55986432,105.38999808,3,0.0,False,0,OnTrack
43.774,7442.207183115476,2129.9738325043754,528.0218773917395,7425.0,105.0,3,0.0,False,0,OnTrack
43.948,7426.0,2178.0,529.0,7386.71997184,103.25999872,3,6.09000448,False,0,OnTrack
43.974,7422.188234224135,2187.044884967887,529.0791996234478,7381.0,103.0,3,7.0,False,0,OnTrack
44.168,7387.0,2261.0,529.0,7619.2564072000005,103.6062504,3,17.9125072,False,0,OnTrack
44.294,7370.694299121036,2289.536395925848,528.9666994338302,7774.0,104.0,3,25.0,False,0,OnTrack
44.508,7347.0,2319.0,529.0,7884.057208685715,105.52857234285715,3,31.878575542857142,False,0,OnTrack
44.574,7336.252543228574,2332.3405946462026,528.9731022728784,7918.0,106.0,3,34.0,False,0,OnTrack
44.668,7316.0,2355.0,529.0,8014.82013184,107.41000192,3,36.58500352,False,0,OnTrack
44.949,7222.0,2433.0,530.0,8304.25006592,111.62500096,3,44.31250176,False,0,OnTrack
44.974,7215.5719222764465,2437.6775947834108,530.0530457999782,8330.0,112.0,3,45.0,False,0,OnTrack
45.254,7168.923889925414,2463.6302623960655,530.0107014672916,8561.0,117.0,3,52.0,False,0,OnTrack
45.269,7166.0,2465.0,530.0,8600.140792,117.3281264,3,52.5156272,False,0,OnTrack
45.549,7078.0,2500.0,530.0,9330.765792,123.4531264,3,62.1406272,False,0,OnTrack
45.574,7064.555591234965,2503.86982309197,530.0531988399515,9396.0,124.0,3,63.0,False,0,OnTrack
45.734,6955.738168989976,2530.717704662399,530.6340841941882,9716.0,130.0,3,71.0,False,0,OnTrack
45.829,6895.0,2544.0,531.0,9867.660816457143,131.01785782857144,3,73.03571565714286,False,0,OnTrack
46.014,6810.6847553522075,2559.203737113883,531.556983223462,10163.0,133.0,3,77.0,False,0,OnTrack
46.254,6726.475217087581,2569.1631629049725,531.9838572721828,11377.0,147.0,3,86.0,False,0,OnTrack
46.269,6720.0,2570.0,532.0,11356.67491328,147.67500288,3,86.48750208,False,0,OnTrack
46.654,6530.6692002641885,2596.221491695512,532.0131032790309,10835.0,165.0,3,99.0,False,0,OnTrack
46.669,6525.0,2597.0,532.0,10846.458382222223,165.70833635555556,3,99.0,False,0,OnTrack
46.949,6438.0,2608.0,532.0,11060.347271111112,178.9305585777778,3,99.0,False,0,OnTrack
47.014,6408.3832363508845,2611.367803976318,532.3341825842674,11110.0,182.0,4,99.0,False,0,OnTrack
47.129,6348.0,2618.0,533.0,10982.34992896,186.3125024,4,99.0,False,0,OnTrack
47.369,6222.0,2630.0,533.0,10715.94992896,195.3125024,4,99.0,False,0,OnTrack
47.414,6197.460606906335,2631.721302642961,532.9612839694817,10666.0,197.0,4,99.0,False,0,OnTrack
47.548,6124.0,2636.0,533.0,10718.26004992,201.69000448,4,99.0,False,0,OnTrack
47.614,6089.546846690598,2637.925398910126,533.2143516613947,10744.0,204.0,4,99.0,False,0,OnTrack
47.768,5999.0,2641.0,534.0,10931.687656,206.8875024,4,99.9625008,False,0,OnTrack
47.774,5994.50334146685,2641.032966665862,534.0274553512934,10939.0,207.0,4,100.0,False,0,OnTrack
48.048,5750.0,2637.0,535.0,11328.593932,214.7062536,4,100.0,False,0,OnTrack
48.094,5720.031547879715,2636.0381958403864,535.1481666399017,11394.0,216.0,5,100.0,False,0,OnTrack
48.335,5634.067252647159,2630.7194953590206,535.8688176622242,11518.0,223.0,5,100.0,False,0,OnTrack
48.448,5589.0,2627.0,536.0,11409.2375616,225.35416533333333,5,100.0,False,0,OnTrack
48.575,5518.414935525057,2621.3908090866053,535.9452640044792,11287.0,228.0,5,100.0,False,0,OnTrack
48.648,5463.0,2616.0,536.0,11147.517979428572,229.8249984,5,100.0,False,0,OnTrack
48.855,5256.370388344151,2591.3023525418716,536.8519033224937,10752.0,235.0,6,100.0,False,0,OnTrack
48.888,5231.0,2588.0,537.0,10782.19494144,235.65999872,6,99.83500032,False,0,OnTrack
49.055,5162.802970302125,2577.7704809112147,537.6288635671128,10935.0,239.0,6,99.0,False,0,OnTrack
49.168,5126.0,2571.0,538.0,11075.5436704,241.8249984,6,99.7062496,False,0,OnTrack
49.215,5104.415947571464,2567.152487161519,538.1521096708724,11134.0,243.0,6,100.0,False,0,OnTrack
49.455,4938.477634265704,2535.5296454132504,538.951433300597,11202.0,246.0,6,100.0,False,0,OnTrack
49.468,4927.0,2533.0,539.0,11213.08955877131,246.2795687085204,6,100.0,False,0,OnTrack
49.728,4683.0,2474.0,540.0,11434.881826097888,251.8709704058291,6,100.0,False,0,OnTrack
49.734,4678.907050849259,2472.98171158319,540.0181655161889,11440.0,252.0,6,100.0,False,0,OnTrack
49.974,4576.979470345235,2446.75679549298,540.7609975328053,11600.0,252.0,6,100.0,False,0,OnTrack
50.008,4560.0,2442.0,541.0,11620.642934857144,252.72857417142856,6,100.0,False,0,OnTrack
50.188,4437.0,2406.0,543.0,11729.928649142857,256.5857170285714,6,100.0,False,0,OnTrack
50.254,4381.897147384037,2388.845505620681,543.9281100401427,11770.0,258.0,6,100.0,False,0,OnTrack
50.414,4229.745385097482,2339.229434207461,546.5188078484209,10930.0,259.0,6,100.0,False,0,OnTrack
50.588,4093.0,2293.0,549.0,10734.249856,261.718752,6,100.0,False,0,OnTrack
50.734,4025.8618415873507,2269.0591533508177,550.4416942550288,10570.0,264.0,7,100.0,False,0,OnTrack
50.968,3899.0,2221.0,552.0,10636.69003648,265.75500096,7,100.0,False,0,OnTrack
51.134,3703.6614069477996,2148.962661594922,552.9492695181247,10684.0,267.0,7,100.0,False,0,OnTrack
51.148,3690.0,2144.0,553.0,10686.0125184,267.0875008,7,100.0,False,0,OnTrack
51.294,3600.8927907084753,2112.7708664774323,553.1629253353716,10707.0,268.0,7,100.0,False,0,OnTrack
51.494,3517.547907804825,2088.776035231581,552.1448425605595,10754.0,270.0,7,100.0,False,0,OnTrack
51.509,3505.0,2085.0,552.0,10761.3594064,270.1406256,7,100.0,False,0,OnTrack
51.729,3260.0,2010.0,549.0,10869.2969064,272.2031256,7,100.0,False,0,OnTrack
51.814,3192.7622894461533,1989.0784833620662,547.6909485284145,10911.0,273.0,7,100.0,False,0,OnTrack
52.014,3115.024499565394,1963.449848894642,544.5592934481505,10985.0,274.0,7,100.0,False,0,OnTrack
52.129,3058.0,1943.0,543.0,10909.531208,274.7187504,7,88.1406184,False,0,OnTrack
52.289,2944.0,1901.0,541.0,10804.531208,275.7187504,7,71.6406184,False,0,OnTrack
52.334,2909.1420327115434,1887.63274230428,540.2552152417396,10775.0,276.0,7,67.0,False,0,OnTrack
52.534,2747.826412428261,1822.5553023080479,535.7637506230138,11008.0,264.0,7,0.0,True,0,OnTrack
52.649,2658.0,1784.0,533.0,10412.8746688,253.9374944,7,0.0,True,0,OnTrack
52.694,2624.1377917885147,1768.9686213092864,531.9462569797661,10180.0,250.0,7,0.0,True,0,OnTrack
52.989,2433.0,1679.0,526.0,9342.9373184,199.296864,7,0.0,True,0,OnTrack
53.014,2421.2159066856957,1673.238525545923,525.6598082878536,9272.0,195.0,7,0.0,True,0,OnTrack
53.454,2292.265603646701,1608.41121854925,523.0769597959236,10272.0,161.0,6,0.0,True,0,OnTrack
53.469,2287.0,1606.0,523.0,10249.57490432,160.17499648,6,0.0,True,0,OnTrack
53.649,2217.0,1575.0,522.0,9980.47490432,150.27499648,6,0.0,True,0,OnTrack
53.854,2147.8887330999696,1550.6182250401282,521.1882155148901,9674.0,139.0,3,0.0,True,0,OnTrack
53.889,2131.0,1549.0,521.0,9596.47485824,137.94999808,3,0.0,True,0,OnTrack
54.048,2039.0,1551.0,520.0,9244.28971648,133.17999616,3,0.0,True,0,OnTrack
54.054,2036.3791402365528,1551.2073513562011,519.9754689664583,9231.0,133.0,3,0.0,True,0,OnTrack
54.254,2000.0597690333943,1561.8465602147785,519.9236250666759,9010.0,127.0,3,0.0,True,0,OnTrack
54.328,1989.0,1571.0,520.0,8910.0998272,125.45833066666667,3,0.0,True,0,OnTrack
54.494,1944.0188262363392,1605.099732708332,520.0408617005197,8686.0,122.0,3,0.0,False,0,OnTrack
54.588,1917.0,1627.0,520.0,8506.2247552,119.062496,3,1.1750015999999999,False,0,OnTrack
54.654,1900.5414239174274,1641.8123070832912,519.9483674357764,8380.0,117.0,3,2.0,False,0,OnTrack
54.868,1847.0,1691.0,519.0,8255.684671985655,115.22406674265223,3,5.551866514695557,False,0,OnTrack
54.895,1837.5108458451446,1698.1526646666211,518.6730986782536,8240.0,115.0,3,6.0,False,0,OnTrack
55.095,1757.1768261650318,1751.4791909330886,515.2133880719002,8429.0,115.0,3,16.0,False,0,OnTrack
55.108,1753.0,1754.0,515.0,8401.839419428572,114.95357165714286,3,15.257146514285715,False,0,OnTrack
55.375,1703.6944485705233,1775.6234835860168,511.6394415320123,7844.0,114.0,3,0.0,True,0,OnTrack
55.448,1690.0,1779.0,511.0,7816.625024,113.73928594285714,3,0.0,True,0,OnTrack
55.655,1633.3787821224832,1791.528123335769,509.6391398579272,7739.0,113.0,3,0.0,False,0,OnTrack
55.728,1605.0,1794.0,509.0,7585.7001344,110.81000192,3,0.0,False,0,OnTrack
55.855,1545.2402067017877,1793.9181137772973,507.51874567500016,7319.0,107.0,3,0.0,True,0,OnTrack
55.908,1523.0,1793.0,507.0,7222.464402285715,105.29643062857143,3,0.0,True,0,OnTrack
56.135,1471.356331860548,1786.1827731434623,506.378087385801,6809.0,98.0,3,0.0,False,0,OnTrack
56.308,1443.0,1776.0,507.0,6747.431070844024,95.83207995929662,3,0.0,False,0,OnTrack
56.508,1394.0,1757.0,508.0,6676.253091730811,93.32581308911307,3,0.0,False,0,OnTrack
56.534,1387.6917271566226,1753.865420195731,508.02311814375025,6667.0,93.0,3,0.0,False,0,OnTrack
56.588,1375.0,1747.0,508.0,6613.26987264,92.45999872,3,0.0,False,0,OnTrack
56.734,1343.6898601787705,1727.7174690670254,507.9199416152989,6468.0,91.0,3,0.0,False,0,OnTrack
56.808,1329.0,1717.0,508.0,6468.0,90.62999936,3,0.0,False,0,OnTrack
56.934,1305.3155956560208,1696.7162858058505,508.4462329440546,6468.0,90.0,3,0.0,False,0,OnTrack
57.028,1289.0,1680.0,509.0,6587.5564128,90.0,3,10.281264,False,0,OnTrack
57.254,1255.3317760201096,1635.0446822014917,510.79485274336344,6875.0,90.0,3,35.0,False,0,OnTrack
57.288,1251.0,1628.0,511.0,6894.4438232,90.6375024,3,35.7437528,False,0,OnTrack
57.548,1224.0,1568.0,512.0,7043.1313232,95.5125024,3,41.431252799999996,False,0,OnTrack
57.574,1221.787712836669,1560.1962591985723,512.1681900653255,7058.0,96.0,3,42.0,False,0,OnTrack
57.734,1210.2249318572876,1504.979322414167,513.558022924293,7439.0,100.0,3,56.0,False,0,OnTrack
57.808,1207.0,1482.0,514.0,7596.661383822222,101.02777955555555,3,57.64444728888889,False,0,OnTrack
58.089,1207.0,1419.0,514.0,8195.347358577777,104.93055644444445,3,63.88889031111111,False,0,OnTrack
58.094,1207.0732903531177,1417.8635655103835,514.0000299249879,8206.0,105.0,3,64.0,False,0,OnTrack
58.374,1215.8754214986207,1330.6963828688508,514.0607599821831,8930.0,117.0,3,69.0,False,0,OnTrack
58.389,1217.0,1323.0,514.0,8961.937636266666,117.62500266666666,3,69.3750016,False,0,OnTrack
58.549,1232.0,1229.0,513.0,9302.604302933334,124.29166933333333,3,73.3750016,False,0,OnTrack
58.614,1236.4746669994588,1201.7012769418316,512.7663950583387,9441.0,127.0,3,75.0,False,0,OnTrack
58.909,1247.0,1140.0,513.0,10570.194689422222,139.29166933333335,3,94.66667093333334,False,0,OnTrack
58.974,1250.8330842493128,1117.8315180394738,513.0337786482587,10819.0,142.0,3,99.0,False,0,OnTrack
59.209,1268.0,1019.0,513.0,11511.410902857144,154.58928914285715,3,99.0,False,0,OnTrack
59.254,1270.7062630269543,1003.7067081712788,512.9965474069228,11644.0,157.0,3,99.0,False,0,OnTrack
59.429,1285.0,922.0,513.0,10663.9996416,165.7500032,3,99.0,False,0,OnTrack
59.454,1288.9868145948124,898.702499595423,513.0002391771852,10524.0,167.0,3,99.0,False,0,OnTrack
59.549,1306.0,799.0,513.0,10653.8334208,171.22222506666668,3,99.26388906666666,False,0,OnTrack
59.814,1319.5888029195798,723.0786544815437,513.0000707795932,11016.0,183.0,4,100.0,False,0,OnTrack
59.869,1322.0,710.0,513.0,11170.458513066667,184.60416853333334,4,99.77083306666667,False,0,OnTrack
60.054,1337.4629449507088,623.0163813333761,512.9991140127565,11690.0,190.0,4,99.0,False,0,OnTrack
60.249,1357.0,511.0,513.0,11056.249792,196.7031272,4,99.6093752,False,0,OnTrack
60.374,1366.2674215341833,456.72242308245376,513.003067343013,10650.0,201.0,4,100.0,False,0,OnTrack
60.469,1378.0,389.0,513.0,10806.7501056,204.5625024,4,99.6041664,False,0,OnTrack
60.589,1402.0,252.0,513.0,11004.7501056,209.0625024,4,99.1041664,False,0,OnTrack
60.614,1406.399513852548,226.8517944724941,513.0118033735429,11046.0,210.0,5,99.0,False,0,OnTrack
60.774,1424.7670571905805,121.07163905204123,513.2128296516247,11076.0,213.0,5,100.0,False,0,OnTrack
60.974,1432.58869406409,74.41070541413704,513.40411540401,11487.0,218.0,5,100.0,False,0,OnTrack
61.088,1441.0,26.0,513.0,11536.02005504,221.42000384,5,100.0,False,0,OnTrack
61.174,1449.7773520294998,-23.989727406167397,512.4273335771072,11573.0,224.0,5,100.0,False,0,OnTrack
61.248,1458.0,-71.0,512.0,11377.049622499915,225.3831791352947,5,100.0,False,0,OnTrack
61.488,1484.0,-221.0,512.0,10741.535983928632,229.86915776050378,5,100.0,False,0,OnTrack
61.495,1484.7869610423286,-225.4149599528718,512.00336561017,10723.0,230.0,5,100.0,False,0,OnTrack
61.628,1500.0,-310.0,512.0,10719.20000182857,231.89999908571428,5,100.0,False,0,OnTrack
61.775,1516.0654637872035,-404.1172701250813,511.9949581124304,10715.0,234.0,6,100.0,False,0,OnTrack
61.928,1533.0,-503.0,512.0,10853.46494208,237.8249984,6,100.0,False,0,OnTrack
61.975,1538.5222319738123,-533.6495663313128,512.0002405030932,10896.0,239.0,6,100.0,False,0,OnTrack
62.088,1552.0,-608.0,512.0,10940.258308266666,241.35416533333333,6,99.52916693333333,False,0,OnTrack
62.215,1566.2957924357847,-692.8886660370499,512.0022743523436,10990.0,244.0,6,99.0,False,0,OnTrack
62.268,1572.0,-728.0,512.0,10841.6001792,240.29000448,6,72.76503167999999,False,0,OnTrack
62.415,1587.0360145936813,-823.0763859873758,511.9772815029549,10430.0,230.0,6,0.0,True,0,OnTrack
62.528,1596.0,-894.0,512.0,10924.37472,220.96000512,6,0.0,True,0,OnTrack
62.615,1600.5039080198692,-947.2394146263065,512.0232407183373,11305.0,214.0,6,0.0,True,0,OnTrack
62.628,1601.0,-955.0,512.0,11281.437616,213.5666688,6,0.0,True,0,OnTrack
62.828,1601.0,-1070.0,511.0,10918.937616,206.90000213333335,6,0.0,True,0,OnTrack
62.855,1599.2778530767825,-1086.0157596873223,510.9850433645321,10870.0,206.0,5,0.0,True,0,OnTrack
63.054,1573.178985629111,-1209.0266320552105,512.235290357295,10083.0,198.0,5,0.0,True,0,OnTrack
63.168,1555.0,-1270.0,513.0,9939.0748384,195.1499968,5,0.0,True,0,OnTrack
63.294,1535.596125284801,-1323.1333372011802,513.4098050324178,9780.0,192.0,5,0.0,False,0,OnTrack
63.454,1503.1452859732076,-1377.5208894475202,513.565885967769,9878.0,185.0,5,47.0,False,0,OnTrack
63.548,1464.0,-1418.0,514.0,9936.1625792,186.1750016,5,60.5125184,False,0,OnTrack
63.614,1426.611480448529,-1451.1732328380342,514.4902638025187,9977.0,187.0,5,70.0,False,0,OnTrack
63.788,1320.0,-1535.0,516.0,10134.325115733332,189.1750016,5,91.02501546666667,False,0,OnTrack
63.854,1296.550442163972,-1550.9825902880202,516.3226815807254,10194.0,190.0,5,99.0,False,0,OnTrack
64.048,1252.0,-1566.0,517.0,10404.49013888,195.82000384,5,99.97000064,False,0,OnTrack
64.054,1249.7192432064835,-1566.6524908925853,517.0403567947478,10411.0,196.0,5,100.0,False,0,OnTrack
64.254,1142.2491732011306,-1595.42496005895,518.8899576754769,10692.0,201.0,5,100.0,False,0,OnTrack
64.268,1134.0,-1597.0,519.0,10698.44005888,201.28000256,5,100.0,False,0,OnTrack
64.454,1024.7390735270792,-1606.7899731103018,519.884731973003,10784.0,205.0,5,100.0,False,0,OnTrack
64.629,923.0,-1605.0,520.0,10945.8750592,208.93750144,5,100.0,False,0,OnTrack
64.709,875.0,-1603.0,520.0,11019.8750592,210.73750144,5,100.0,False,0,OnTrack
64.854,751.9411317886161,-1596.795673086277,521.5907792511244,11154.0,214.0,5,100.0,False,0,OnTrack
65.009,623.0,-1590.0,524.0,11420.60011008,217.8750016,5,100.0,False,0,OnTrack
65.054,598.2565985065829,-1588.7411505968707,524.4628182664156,11498.0,219.0,5,100.0,False,0,OnTrack
65.309,512.0,-1584.0,526.0,11106.291568355555,226.08333511111113,5,100.0,False,0,OnTrack
65.414,449.9500750283322,-1579.6010836945643,527.0121751125473,10945.0,229.0,5,100.0,False,0,OnTrack
65.509,386.0,-1574.0,528.0,10902.513860266667,230.84722346666666,5,100.0,False,0,OnTrack
65.774,215.87189045852472,-1549.5085040010001,530.520226910666,10784.0,236.0,6,100.0,False,0,OnTrack
65.809,193.0,-1545.0,531.0,10788.375008,236.70000128,6,100.0,False,0,OnTrack
65.974,85.69641480139613,-1520.2694033774035,533.7666712779642,10809.0,240.0,6,100.0,False,0,OnTrack
65.989,77.0,-1518.0,534.0,10824.548143261538,240.20192393846153,6,100.0,False,0,OnTrack
66.229,-40.0,-1482.0,537.0,11073.317374030768,243.43269316923076,6,100.0,False,0,OnTrack
66.449,-181.0,-1430.0,541.0,11301.355835569231,246.39423163076924,6,100.0,False,0,OnTrack
66.494,-223.08847417790867,-1410.2591762071588,542.6314244934972,11348.0,247.0,6,100.0,False,0,OnTrack
66.689,-415.0,-1311.0,551.0,11506.437552,251.8750016,6,100.0,False,0,OnTrack
66.734,-439.187046867016,-1297.8218413057975,552.0920744339638,11543.0,253.0,6,100.0,False,0,OnTrack
66.949,-486.0,-1264.0,554.0,11170.3332224,254.7916672,6,100.0,False,0,OnTrack
66.974,-495.8517349108139,-1256.220208671025,554.3164099969755,11127.0,255.0,6,100.0,False,0,OnTrack
67.169,-607.0,-1166.0,558.0,10520.0623008,257.4375008,6,100.0,False,0,OnTrack
67.214,-632.0415911781955,-1143.0208342322344,559.0212452365491,10380.0,258.0,6,100.0,False,0,OnTrack
67.428,-737.0,-1031.0,564.0,10444.2000384,259.7833344,6,100.0,False,0,OnTrack
67.648,-832.0,-903.0,568.0,10510.2000384,261.6166677333333,6,100.0,False,0,OnTrack
67.694,-853.2982769001384,-866.9813752753919,569.1154277868418,10524.0,262.0,7,100.0,False,0,OnTrack
67.895,-942.8858705485745,-691.9456277423602,574.7097947650743,10560.0,264.0,7,100.0,False,0,OnTrack
67.908,-947.0,-683.0,575.0,10567.1499648,264.1083328,7,100.0,False,0,OnTrack
68.168,-989.0,-559.0,578.0,10710.1499648,266.27499946666666,7,100.0,False,0,OnTrack
68.255,-999.9597998711208,-509.2349911795236,577.667233926886,10758.0,267.0,7,100.0,False,0,OnTrack
68.415,-1015.0897780100946,-387.7947689779235,575.5639377241816,10756.0,269.0,7,100.0,False,0,OnTrack
68.448,-1015.0,-356.0,575.0,10770.574971733333,269.13749973333336,7,100.0,False,0,OnTrack
68.655,-989.9596436994347,-118.30811601644699,570.7175461081955,10862.0,270.0,7,100.0,False,0,OnTrack
68.688,-984.0,-84.0,570.0,10869.768734933334,270.27499946666666,7,100.0,False,0,OnTrack
69.108,-892.0,188.0,562.0,10968.643734933334,273.77499946666666,7,100.0,False,0,OnTrack
69.135,-886.0787790463236,201.22084409604162,561.6920510085037,10975.0,274.0,7,100.0,False,0,OnTrack
69.455,-810.0137053489474,374.49528040402254,559.3811941750143,11051.0,275.0,7,100.0,False,0,OnTrack
69.488,-799.0,402.0,559.0,11060.1002657695,275.5515312587577,7,100.0,False,0,OnTrack
69.688,-721.0,604.0,556.0,11115.253498609114,278.89415143085535,7,100.0,False,0,OnTrack
69.814,-677.1371047549358,718.4279938093308,554.4704778685261,11150.0,281.0,7,100.0,False,0,OnTrack
70.014,-620.6820516572917,865.3154987353508,552.6968478965221,11150.0,283.0,7,100.0,False,0,OnTrack
70.088,-603.0,911.0,552.0,11219.6063704,283.4625008,7,100.0,False,0,OnTrack
70.334,-554.4425256039931,1035.0690791656805,549.3801563862476,11451.0,285.0,7,100.0,False,0,OnTrack
70.448,-528.0,1103.0,548.0,11460.2625104,286.0687512,7,100.0,False,0,OnTrack
70.608,-482.0,1222.0,546.0,11473.2625104,287.5687512,7,100.0,False,0,OnTrack
70.654,-468.39808217308047,1257.1046036541572,545.5284808668248,11477.0,288.0,7,100.0,False,0,OnTrack
70.814,-421.91990973800245,1376.8646380019595,544.1380764127795,11583.0,291.0,7,100.0,False,0,OnTrack
70.828,-418.0,1387.0,544.0,11584.500013714285,291.05000045714286,7,100.0,False,0,OnTrack
71.008,-366.0,1522.0,542.0,11603.785728,291.6928576,7,100.0,False,0,OnTrack
71.094,-333.3029365325963,1606.8981612140617,541.1320270437494,11613.0,292.0,7,100.0,False,0,OnTrack
71.334,-228.80104579427234,1878.0224358123492,539.2812699874721,10192.0,295.0,7,100.0,False,0,OnTrack
71.389,-213.0,1919.0,539.0,10254.9063232,295.0,7,100.0,False,0,OnTrack
71.494,-194.11808131963733,1967.942626444787,538.6173192410114,10375.0,295.0,8,100.0,False,0,OnTrack
71.689,-166.0,2041.0,538.0,10446.7321664,296.3928576,8,100.0,False,0,OnTrack
71.774,-136.78572739620807,2117.062007582754,537.4973744724545,10478.0,297.0,8,100.0,False,0,OnTrack
71.869,-95.0,2226.0,537.0,10510.77502208,297.95000064,8,100.0,False,0,OnTrack
71.974,-42.98967619337032,2361.887698867069,536.8623917184801,10547.0,299.0,8,100.0,False,0,OnTrack
72.109,18.0,2521.0,537.0,10558.3906304,299.4218752,8,100.0,False,0,OnTrack
72.294,57.26643781372937,2621.3943308588628,537.033467961662,10574.0,300.0,8,100.0,False,0,OnTrack
72.469,85.0,2692.0,537.0,10615.12501504,300.87500032,8,100.0,False,0,OnTrack
72.494,91.08090185562739,2707.808660482277,536.9981233698966,10621.0,301.0,8,100.0,False,0,OnTrack
72.689,151.0,2864.0,537.0,10637.0178624,301.6964288,8,100.0,False,0,OnTrack
72.774,177.4877725764603,2931.6509045420053,537.0002999434761,10644.0,302.0,8,100.0,False,0,OnTrack
72.849,200.0,2989.0,537.0,10667.43752,302.3125002666667,8,100.0,False,0,OnTrack
73.014,245.81376696050188,3107.444063421778,536.9998276719404,10719.0,303.0,8,100.0,False,0,OnTrack
73.209,309.0,3272.0,537.0,10718.02499968,303.97500032,8,100.0,False,0,OnTrack
73.214,311.0058375167475,3277.198587346373,537.0000017464147,10718.0,304.0,8,100.0,False,0,OnTrack
73.389,388.0,3476.0,537.0,10779.68752256,304.43750016,8,100.0,False,0,OnTrack
73.614,467.66671744506925,3678.723956705244,536.9999889946058,10859.0,305.0,8,100.0,False,0,OnTrack
73.817,514.8544699153209,3794.8414477294136,536.9999972290691,10856.96999936,306.01500032,8,100.0,False,0,OnTrack
